dataset_name,source_url,download_date_utc,local_path,file_format,license_or_access_note,spatial_resolution_raw,temporal_resolution,bbox_if_known,checksum_sha256,status,notes,crs,pixel_size,geometry_type,layer_names,raster_shape
cams,https://ads.atmosphere.copernicus.eu/datasets/cams-global-reanalysis-eac4,2026-04-24T09:10:29+00:00,data/raw/cams/cams-eac4-3hourly-gabon-2024-08_to_2024-10.nc,nc,Copernicus Atmosphere Data Store licence applies. Users usually need an ADS account and dataset licence acceptance.,0.75 degree global atmospheric composition grid,3-hourly,,5fb7e3254f01ec96e9efc13d8cdd8cd61223e5778aa3ea6b60b958d69c59193b,downloaded,Retrieved `cams-global-reanalysis-eac4` through the ADS API. Request parameters were taken from config/datasets.yaml.,,,,,
chirps,https://data.chc.ucsb.edu/products/CHIRPS/v3.0/daily/final/sat/2024/chirps-v3.0.sat.2024.08.01.tif,2026-04-24T08:31:38+00:00,data/raw/chirps/global/daily/sat/2024/chirps-v3.0.sat.2024.08.01.tif,tif,CHIRPS is distributed by the Climate Hazards Center. Review the product documentation and citation guidance for reuse requirements.,~0.05 degree global precipitation grid,daily,"[8.699028, -3.990695, 14.502346039000088, 2.3156445020000547]",cd9d49e8c51ad02c2a0eb66e9f64645cf0bd5bbdb2a88c637d5b45f803f730e2,downloaded,CHIRPS v3.0 daily final `sat` precipitation for 2024-08-01. Daily CHIRPS v3.0 is distributed as a disaggregated daily GeoTIFF by CHC. Global raster; spatial subsetting is expected downstream if needed. Downloaded from the official CHC daily final GeoTIFF directory.,,,,,
chirps,https://data.chc.ucsb.edu/products/CHIRPS/v3.0/daily/final/sat/2024/chirps-v3.0.sat.2024.08.02.tif,2026-04-24T08:32:15+00:00,data/raw/chirps/global/daily/sat/2024/chirps-v3.0.sat.2024.08.02.tif,tif,CHIRPS is distributed by the Climate Hazards Center. Review the product documentation and citation guidance for reuse requirements.,~0.05 degree global precipitation grid,daily,"[8.699028, -3.990695, 14.502346039000088, 2.3156445020000547]",805134cfa064b4d49b66c24a087706e0eb763873a73066d2a6161723c19bdc6e,downloaded,CHIRPS v3.0 daily final `sat` precipitation for 2024-08-02. Daily CHIRPS v3.0 is distributed as a disaggregated daily GeoTIFF by CHC. Global raster; spatial subsetting is expected downstream if needed. Downloaded from the official CHC daily final GeoTIFF directory.,,,,,
chirps,https://data.chc.ucsb.edu/products/CHIRPS/v3.0/daily/final/sat/2024/chirps-v3.0.sat.2024.08.03.tif,2026-04-24T08:32:31+00:00,data/raw/chirps/global/daily/sat/2024/chirps-v3.0.sat.2024.08.03.tif,tif,CHIRPS is distributed by the Climate Hazards Center. Review the product documentation and citation guidance for reuse requirements.,~0.05 degree global precipitation grid,daily,"[8.699028, -3.990695, 14.502346039000088, 2.3156445020000547]",fd25598a34c7a106b76ed71b45b9d2c82d3b1a96145d4e01ac99ca6b8348f5f7,downloaded,CHIRPS v3.0 daily final `sat` precipitation for 2024-08-03. Daily CHIRPS v3.0 is distributed as a disaggregated daily GeoTIFF by CHC. Global raster; spatial subsetting is expected downstream if needed. Downloaded from the official CHC daily final GeoTIFF directory.,,,,,
chirps,https://data.chc.ucsb.edu/products/CHIRPS/v3.0/daily/final/sat/2024/chirps-v3.0.sat.2024.08.04.tif,2026-04-24T08:32:54+00:00,data/raw/chirps/global/daily/sat/2024/chirps-v3.0.sat.2024.08.04.tif,tif,CHIRPS is distributed by the Climate Hazards Center. Review the product documentation and citation guidance for reuse requirements.,~0.05 degree global precipitation grid,daily,"[8.699028, -3.990695, 14.502346039000088, 2.3156445020000547]",ccf2cee2a51a557d49810031e645ef57586a7078ef2aeedfd498514cee97a484,downloaded,CHIRPS v3.0 daily final `sat` precipitation for 2024-08-04. Daily CHIRPS v3.0 is distributed as a disaggregated daily GeoTIFF by CHC. Global raster; spatial subsetting is expected downstream if needed. Downloaded from the official CHC daily final GeoTIFF directory.,,,,,
chirps,https://data.chc.ucsb.edu/products/CHIRPS/v3.0/daily/final/sat/2024/chirps-v3.0.sat.2024.08.05.tif,2026-04-24T08:33:10+00:00,data/raw/chirps/global/daily/sat/2024/chirps-v3.0.sat.2024.08.05.tif,tif,CHIRPS is distributed by the Climate Hazards Center. Review the product documentation and citation guidance for reuse requirements.,~0.05 degree global precipitation grid,daily,"[8.699028, -3.990695, 14.502346039000088, 2.3156445020000547]",78a3b7e398e8d76a808334301e7035c597961878f685ea51644fb0376a054b38,downloaded,CHIRPS v3.0 daily final `sat` precipitation for 2024-08-05. Daily CHIRPS v3.0 is distributed as a disaggregated daily GeoTIFF by CHC. Global raster; spatial subsetting is expected downstream if needed. Downloaded from the official CHC daily final GeoTIFF directory.,,,,,
chirps,https://data.chc.ucsb.edu/products/CHIRPS/v3.0/daily/final/sat/2024/chirps-v3.0.sat.2024.08.06.tif,2026-04-24T08:33:26+00:00,data/raw/chirps/global/daily/sat/2024/chirps-v3.0.sat.2024.08.06.tif,tif,CHIRPS is distributed by the Climate Hazards Center. Review the product documentation and citation guidance for reuse requirements.,~0.05 degree global precipitation grid,daily,"[8.699028, -3.990695, 14.502346039000088, 2.3156445020000547]",9cc4a23033449831e590bdea37ce883c96579599f3569a54e032beeaaf57ca48,downloaded,CHIRPS v3.0 daily final `sat` precipitation for 2024-08-06. Daily CHIRPS v3.0 is distributed as a disaggregated daily GeoTIFF by CHC. Global raster; spatial subsetting is expected downstream if needed. Downloaded from the official CHC daily final GeoTIFF directory.,,,,,
chirps,https://data.chc.ucsb.edu/products/CHIRPS/v3.0/daily/final/sat/2024/chirps-v3.0.sat.2024.08.07.tif,2026-04-24T08:33:43+00:00,data/raw/chirps/global/daily/sat/2024/chirps-v3.0.sat.2024.08.07.tif,tif,CHIRPS is distributed by the Climate Hazards Center. Review the product documentation and citation guidance for reuse requirements.,~0.05 degree global precipitation grid,daily,"[8.699028, -3.990695, 14.502346039000088, 2.3156445020000547]",ad8a839fbbc38dbb7642d1cac4ff57a1f1b09fa73afabd535895c70e49674ecf,downloaded,CHIRPS v3.0 daily final `sat` precipitation for 2024-08-07. Daily CHIRPS v3.0 is distributed as a disaggregated daily GeoTIFF by CHC. Global raster; spatial subsetting is expected downstream if needed. Downloaded from the official CHC daily final GeoTIFF directory.,,,,,
chirps,https://data.chc.ucsb.edu/products/CHIRPS/v3.0/daily/final/sat/2024/chirps-v3.0.sat.2024.08.08.tif,2026-04-24T08:33:59+00:00,data/raw/chirps/global/daily/sat/2024/chirps-v3.0.sat.2024.08.08.tif,tif,CHIRPS is distributed by the Climate Hazards Center. Review the product documentation and citation guidance for reuse requirements.,~0.05 degree global precipitation grid,daily,"[8.699028, -3.990695, 14.502346039000088, 2.3156445020000547]",4138e032664428b2a9f8d4469c39f8ade7b67b564eba9a4e8ae73b07f6ba6270,downloaded,CHIRPS v3.0 daily final `sat` precipitation for 2024-08-08. Daily CHIRPS v3.0 is distributed as a disaggregated daily GeoTIFF by CHC. Global raster; spatial subsetting is expected downstream if needed. Downloaded from the official CHC daily final GeoTIFF directory.,,,,,
chirps,https://data.chc.ucsb.edu/products/CHIRPS/v3.0/daily/final/sat/2024/chirps-v3.0.sat.2024.08.09.tif,2026-04-24T08:34:21+00:00,data/raw/chirps/global/daily/sat/2024/chirps-v3.0.sat.2024.08.09.tif,tif,CHIRPS is distributed by the Climate Hazards Center. Review the product documentation and citation guidance for reuse requirements.,~0.05 degree global precipitation grid,daily,"[8.699028, -3.990695, 14.502346039000088, 2.3156445020000547]",c4813858603a9c6465609b966df9babd6cd718abdae5c1e71717875282e41f6d,downloaded,CHIRPS v3.0 daily final `sat` precipitation for 2024-08-09. Daily CHIRPS v3.0 is distributed as a disaggregated daily GeoTIFF by CHC. Global raster; spatial subsetting is expected downstream if needed. Downloaded from the official CHC daily final GeoTIFF directory.,,,,,
chirps,https://data.chc.ucsb.edu/products/CHIRPS/v3.0/daily/final/sat/2024/chirps-v3.0.sat.2024.08.10.tif,2026-04-24T08:34:36+00:00,data/raw/chirps/global/daily/sat/2024/chirps-v3.0.sat.2024.08.10.tif,tif,CHIRPS is distributed by the Climate Hazards Center. Review the product documentation and citation guidance for reuse requirements.,~0.05 degree global precipitation grid,daily,"[8.699028, -3.990695, 14.502346039000088, 2.3156445020000547]",4a079fbdc94c0e0c58aa1e949acfed690920a30d5572a880affc940c6b312f5b,downloaded,CHIRPS v3.0 daily final `sat` precipitation for 2024-08-10. Daily CHIRPS v3.0 is distributed as a disaggregated daily GeoTIFF by CHC. Global raster; spatial subsetting is expected downstream if needed. Downloaded from the official CHC daily final GeoTIFF directory.,,,,,
chirps,https://data.chc.ucsb.edu/products/CHIRPS/v3.0/daily/final/sat/2024/chirps-v3.0.sat.2024.08.11.tif,2026-04-24T08:34:52+00:00,data/raw/chirps/global/daily/sat/2024/chirps-v3.0.sat.2024.08.11.tif,tif,CHIRPS is distributed by the Climate Hazards Center. Review the product documentation and citation guidance for reuse requirements.,~0.05 degree global precipitation grid,daily,"[8.699028, -3.990695, 14.502346039000088, 2.3156445020000547]",413b5424c35641f61d530938a2e5309504a12e013d4b2479c83912dd182d3ef0,downloaded,CHIRPS v3.0 daily final `sat` precipitation for 2024-08-11. Daily CHIRPS v3.0 is distributed as a disaggregated daily GeoTIFF by CHC. Global raster; spatial subsetting is expected downstream if needed. Downloaded from the official CHC daily final GeoTIFF directory.,,,,,
chirps,https://data.chc.ucsb.edu/products/CHIRPS/v3.0/daily/final/sat/2024/chirps-v3.0.sat.2024.08.12.tif,2026-04-24T08:35:10+00:00,data/raw/chirps/global/daily/sat/2024/chirps-v3.0.sat.2024.08.12.tif,tif,CHIRPS is distributed by the Climate Hazards Center. Review the product documentation and citation guidance for reuse requirements.,~0.05 degree global precipitation grid,daily,"[8.699028, -3.990695, 14.502346039000088, 2.3156445020000547]",3e428d5296327db0535d7481e2bb7d02d7ab3851ff4d187b795bc46761b49637,downloaded,CHIRPS v3.0 daily final `sat` precipitation for 2024-08-12. Daily CHIRPS v3.0 is distributed as a disaggregated daily GeoTIFF by CHC. Global raster; spatial subsetting is expected downstream if needed. Downloaded from the official CHC daily final GeoTIFF directory.,,,,,
chirps,https://data.chc.ucsb.edu/products/CHIRPS/v3.0/daily/final/sat/2024/chirps-v3.0.sat.2024.08.13.tif,2026-04-24T08:35:26+00:00,data/raw/chirps/global/daily/sat/2024/chirps-v3.0.sat.2024.08.13.tif,tif,CHIRPS is distributed by the Climate Hazards Center. Review the product documentation and citation guidance for reuse requirements.,~0.05 degree global precipitation grid,daily,"[8.699028, -3.990695, 14.502346039000088, 2.3156445020000547]",75484682e3926e5bf8bc2cab737bf9583a9b897223994529917b744e4156f438,downloaded,CHIRPS v3.0 daily final `sat` precipitation for 2024-08-13. Daily CHIRPS v3.0 is distributed as a disaggregated daily GeoTIFF by CHC. Global raster; spatial subsetting is expected downstream if needed. Downloaded from the official CHC daily final GeoTIFF directory.,,,,,
chirps,https://data.chc.ucsb.edu/products/CHIRPS/v3.0/daily/final/sat/2024/chirps-v3.0.sat.2024.08.14.tif,2026-04-24T08:35:49+00:00,data/raw/chirps/global/daily/sat/2024/chirps-v3.0.sat.2024.08.14.tif,tif,CHIRPS is distributed by the Climate Hazards Center. Review the product documentation and citation guidance for reuse requirements.,~0.05 degree global precipitation grid,daily,"[8.699028, -3.990695, 14.502346039000088, 2.3156445020000547]",b5a4c7879fa4aabcb460143198ca4a14695916d40e26ffa69fc7547abdaa34fe,downloaded,CHIRPS v3.0 daily final `sat` precipitation for 2024-08-14. Daily CHIRPS v3.0 is distributed as a disaggregated daily GeoTIFF by CHC. Global raster; spatial subsetting is expected downstream if needed. Downloaded from the official CHC daily final GeoTIFF directory.,,,,,
chirps,https://data.chc.ucsb.edu/products/CHIRPS/v3.0/daily/final/sat/2024/chirps-v3.0.sat.2024.08.15.tif,2026-04-24T08:36:12+00:00,data/raw/chirps/global/daily/sat/2024/chirps-v3.0.sat.2024.08.15.tif,tif,CHIRPS is distributed by the Climate Hazards Center. Review the product documentation and citation guidance for reuse requirements.,~0.05 degree global precipitation grid,daily,"[8.699028, -3.990695, 14.502346039000088, 2.3156445020000547]",4b69f5fd8f2152417f90a53f0230449290b270346e46e01b04d59a80f0686e3b,downloaded,CHIRPS v3.0 daily final `sat` precipitation for 2024-08-15. Daily CHIRPS v3.0 is distributed as a disaggregated daily GeoTIFF by CHC. Global raster; spatial subsetting is expected downstream if needed. Downloaded from the official CHC daily final GeoTIFF directory.,,,,,
chirps,https://data.chc.ucsb.edu/products/CHIRPS/v3.0/daily/final/sat/2024/chirps-v3.0.sat.2024.08.16.tif,2026-04-24T08:36:28+00:00,data/raw/chirps/global/daily/sat/2024/chirps-v3.0.sat.2024.08.16.tif,tif,CHIRPS is distributed by the Climate Hazards Center. Review the product documentation and citation guidance for reuse requirements.,~0.05 degree global precipitation grid,daily,"[8.699028, -3.990695, 14.502346039000088, 2.3156445020000547]",aeae1dc111bd8654bfc1cd93d5564d85cc00564c0379ea431db120c9c72e8235,downloaded,CHIRPS v3.0 daily final `sat` precipitation for 2024-08-16. Daily CHIRPS v3.0 is distributed as a disaggregated daily GeoTIFF by CHC. Global raster; spatial subsetting is expected downstream if needed. Downloaded from the official CHC daily final GeoTIFF directory.,,,,,
chirps,https://data.chc.ucsb.edu/products/CHIRPS/v3.0/daily/final/sat/2024/chirps-v3.0.sat.2024.08.17.tif,2026-04-24T08:36:53+00:00,data/raw/chirps/global/daily/sat/2024/chirps-v3.0.sat.2024.08.17.tif,tif,CHIRPS is distributed by the Climate Hazards Center. Review the product documentation and citation guidance for reuse requirements.,~0.05 degree global precipitation grid,daily,"[8.699028, -3.990695, 14.502346039000088, 2.3156445020000547]",a8270b0d02cb863d2f2e0296cf066a73546545fe8e3ac93ab35de84fcd0a0ede,downloaded,CHIRPS v3.0 daily final `sat` precipitation for 2024-08-17. Daily CHIRPS v3.0 is distributed as a disaggregated daily GeoTIFF by CHC. Global raster; spatial subsetting is expected downstream if needed. Downloaded from the official CHC daily final GeoTIFF directory.,,,,,
chirps,https://data.chc.ucsb.edu/products/CHIRPS/v3.0/daily/final/sat/2024/chirps-v3.0.sat.2024.08.18.tif,2026-04-24T08:37:50+00:00,data/raw/chirps/global/daily/sat/2024/chirps-v3.0.sat.2024.08.18.tif,tif,CHIRPS is distributed by the Climate Hazards Center. Review the product documentation and citation guidance for reuse requirements.,~0.05 degree global precipitation grid,daily,"[8.699028, -3.990695, 14.502346039000088, 2.3156445020000547]",c29551a64cb75ec776b0bbeff60fbf9c3d91c9c73294d1037e3424e130d050a5,downloaded,CHIRPS v3.0 daily final `sat` precipitation for 2024-08-18. Daily CHIRPS v3.0 is distributed as a disaggregated daily GeoTIFF by CHC. Global raster; spatial subsetting is expected downstream if needed. Downloaded from the official CHC daily final GeoTIFF directory.,,,,,
chirps,https://data.chc.ucsb.edu/products/CHIRPS/v3.0/daily/final/sat/2024/chirps-v3.0.sat.2024.08.19.tif,2026-04-24T08:37:50+00:00,data/raw/chirps/global/daily/sat/2024/chirps-v3.0.sat.2024.08.19.tif,tif,CHIRPS is distributed by the Climate Hazards Center. Review the product documentation and citation guidance for reuse requirements.,~0.05 degree global precipitation grid,daily,"[8.699028, -3.990695, 14.502346039000088, 2.3156445020000547]",2d54364a9abe408d3df15ba9d48c4ae3c7a73b35af7a3d4734d2b02f45e35a1e,downloaded,CHIRPS v3.0 daily final `sat` precipitation for 2024-08-19. Daily CHIRPS v3.0 is distributed as a disaggregated daily GeoTIFF by CHC. Global raster; spatial subsetting is expected downstream if needed. Reused an existing local copy.,,,,,
chirps,https://data.chc.ucsb.edu/products/CHIRPS/v3.0/daily/final/sat/2024/chirps-v3.0.sat.2024.08.20.tif,2026-04-24T08:37:50+00:00,data/raw/chirps/global/daily/sat/2024/chirps-v3.0.sat.2024.08.20.tif,tif,CHIRPS is distributed by the Climate Hazards Center. Review the product documentation and citation guidance for reuse requirements.,~0.05 degree global precipitation grid,daily,"[8.699028, -3.990695, 14.502346039000088, 2.3156445020000547]",49ac344d4fb017c0c0c43ff301947b2551af73f0194c1c80df4f2353e9b0c166,downloaded,CHIRPS v3.0 daily final `sat` precipitation for 2024-08-20. Daily CHIRPS v3.0 is distributed as a disaggregated daily GeoTIFF by CHC. Global raster; spatial subsetting is expected downstream if needed. Reused an existing local copy.,,,,,
chirps,https://data.chc.ucsb.edu/products/CHIRPS/v3.0/daily/final/sat/2024/chirps-v3.0.sat.2024.08.21.tif,2026-04-24T08:37:50+00:00,data/raw/chirps/global/daily/sat/2024/chirps-v3.0.sat.2024.08.21.tif,tif,CHIRPS is distributed by the Climate Hazards Center. Review the product documentation and citation guidance for reuse requirements.,~0.05 degree global precipitation grid,daily,"[8.699028, -3.990695, 14.502346039000088, 2.3156445020000547]",93cecd0f8019ea18d78a90cac5fb08bef6330648e95d7e97531fe8016fb4596c,downloaded,CHIRPS v3.0 daily final `sat` precipitation for 2024-08-21. Daily CHIRPS v3.0 is distributed as a disaggregated daily GeoTIFF by CHC. Global raster; spatial subsetting is expected downstream if needed. Reused an existing local copy.,,,,,
chirps,https://data.chc.ucsb.edu/products/CHIRPS/v3.0/daily/final/sat/2024/chirps-v3.0.sat.2024.08.22.tif,2026-04-24T08:37:50+00:00,data/raw/chirps/global/daily/sat/2024/chirps-v3.0.sat.2024.08.22.tif,tif,CHIRPS is distributed by the Climate Hazards Center. Review the product documentation and citation guidance for reuse requirements.,~0.05 degree global precipitation grid,daily,"[8.699028, -3.990695, 14.502346039000088, 2.3156445020000547]",22d3d0e7489aa0d701f96f1d58d0db96c8e6db28dd83e98f0f5f6abd7074b818,downloaded,CHIRPS v3.0 daily final `sat` precipitation for 2024-08-22. Daily CHIRPS v3.0 is distributed as a disaggregated daily GeoTIFF by CHC. Global raster; spatial subsetting is expected downstream if needed. Reused an existing local copy.,,,,,
chirps,https://data.chc.ucsb.edu/products/CHIRPS/v3.0/daily/final/sat/2024/chirps-v3.0.sat.2024.08.23.tif,2026-04-24T08:37:50+00:00,data/raw/chirps/global/daily/sat/2024/chirps-v3.0.sat.2024.08.23.tif,tif,CHIRPS is distributed by the Climate Hazards Center. Review the product documentation and citation guidance for reuse requirements.,~0.05 degree global precipitation grid,daily,"[8.699028, -3.990695, 14.502346039000088, 2.3156445020000547]",26c5dda6012f0ca8d7590dbfa869b2135ea014ccde0c78c89b778dcae68de458,downloaded,CHIRPS v3.0 daily final `sat` precipitation for 2024-08-23. Daily CHIRPS v3.0 is distributed as a disaggregated daily GeoTIFF by CHC. Global raster; spatial subsetting is expected downstream if needed. Reused an existing local copy.,,,,,
chirps,https://data.chc.ucsb.edu/products/CHIRPS/v3.0/daily/final/sat/2024/chirps-v3.0.sat.2024.08.24.tif,2026-04-24T08:37:50+00:00,data/raw/chirps/global/daily/sat/2024/chirps-v3.0.sat.2024.08.24.tif,tif,CHIRPS is distributed by the Climate Hazards Center. Review the product documentation and citation guidance for reuse requirements.,~0.05 degree global precipitation grid,daily,"[8.699028, -3.990695, 14.502346039000088, 2.3156445020000547]",4016d339ca337fa774493c7fee08e133747d27c8ebe1d84695be7b13722db014,downloaded,CHIRPS v3.0 daily final `sat` precipitation for 2024-08-24. Daily CHIRPS v3.0 is distributed as a disaggregated daily GeoTIFF by CHC. Global raster; spatial subsetting is expected downstream if needed. Reused an existing local copy.,,,,,
chirps,https://data.chc.ucsb.edu/products/CHIRPS/v3.0/daily/final/sat/2024/chirps-v3.0.sat.2024.08.25.tif,2026-04-24T08:37:50+00:00,data/raw/chirps/global/daily/sat/2024/chirps-v3.0.sat.2024.08.25.tif,tif,CHIRPS is distributed by the Climate Hazards Center. Review the product documentation and citation guidance for reuse requirements.,~0.05 degree global precipitation grid,daily,"[8.699028, -3.990695, 14.502346039000088, 2.3156445020000547]",af939855fa8433610110c16d5fb767fb8ac82a801294cea1c7c019cc4582f52d,downloaded,CHIRPS v3.0 daily final `sat` precipitation for 2024-08-25. Daily CHIRPS v3.0 is distributed as a disaggregated daily GeoTIFF by CHC. Global raster; spatial subsetting is expected downstream if needed. Reused an existing local copy.,,,,,
chirps,https://data.chc.ucsb.edu/products/CHIRPS/v3.0/daily/final/sat/2024/chirps-v3.0.sat.2024.08.26.tif,2026-04-24T08:39:41+00:00,data/raw/chirps/global/daily/sat/2024/chirps-v3.0.sat.2024.08.26.tif,tif,CHIRPS is distributed by the Climate Hazards Center. Review the product documentation and citation guidance for reuse requirements.,~0.05 degree global precipitation grid,daily,"[8.699028, -3.990695, 14.502346039000088, 2.3156445020000547]",929ba8e70a8db34730a8e7a4cbc56f8f7bccfb0cf00d4d4904d94a9f2010915f,downloaded,CHIRPS v3.0 daily final `sat` precipitation for 2024-08-26. Daily CHIRPS v3.0 is distributed as a disaggregated daily GeoTIFF by CHC. Global raster; spatial subsetting is expected downstream if needed. Downloaded from the official CHC daily final GeoTIFF directory.,,,,,
chirps,https://data.chc.ucsb.edu/products/CHIRPS/v3.0/daily/final/sat/2024/chirps-v3.0.sat.2024.08.27.tif,2026-04-24T08:39:41+00:00,data/raw/chirps/global/daily/sat/2024/chirps-v3.0.sat.2024.08.27.tif,tif,CHIRPS is distributed by the Climate Hazards Center. Review the product documentation and citation guidance for reuse requirements.,~0.05 degree global precipitation grid,daily,"[8.699028, -3.990695, 14.502346039000088, 2.3156445020000547]",c9441e32b53b4171ec6625d9de89ccfd1a107a270d0d2e7d0cb90638b73facf0,downloaded,CHIRPS v3.0 daily final `sat` precipitation for 2024-08-27. Daily CHIRPS v3.0 is distributed as a disaggregated daily GeoTIFF by CHC. Global raster; spatial subsetting is expected downstream if needed. Reused an existing local copy.,,,,,
chirps,https://data.chc.ucsb.edu/products/CHIRPS/v3.0/daily/final/sat/2024/chirps-v3.0.sat.2024.08.28.tif,2026-04-24T08:39:41+00:00,data/raw/chirps/global/daily/sat/2024/chirps-v3.0.sat.2024.08.28.tif,tif,CHIRPS is distributed by the Climate Hazards Center. Review the product documentation and citation guidance for reuse requirements.,~0.05 degree global precipitation grid,daily,"[8.699028, -3.990695, 14.502346039000088, 2.3156445020000547]",0927bd057cc1d2414cb2513891e49684a9fc2954511c265d8793003ceb8886e9,downloaded,CHIRPS v3.0 daily final `sat` precipitation for 2024-08-28. Daily CHIRPS v3.0 is distributed as a disaggregated daily GeoTIFF by CHC. Global raster; spatial subsetting is expected downstream if needed. Reused an existing local copy.,,,,,
chirps,https://data.chc.ucsb.edu/products/CHIRPS/v3.0/daily/final/sat/2024/chirps-v3.0.sat.2024.08.29.tif,2026-04-24T08:39:41+00:00,data/raw/chirps/global/daily/sat/2024/chirps-v3.0.sat.2024.08.29.tif,tif,CHIRPS is distributed by the Climate Hazards Center. Review the product documentation and citation guidance for reuse requirements.,~0.05 degree global precipitation grid,daily,"[8.699028, -3.990695, 14.502346039000088, 2.3156445020000547]",7b4878d1fac45724cf0d772f5b00d504bc7360b906293868fb3398d7e70d06c5,downloaded,CHIRPS v3.0 daily final `sat` precipitation for 2024-08-29. Daily CHIRPS v3.0 is distributed as a disaggregated daily GeoTIFF by CHC. Global raster; spatial subsetting is expected downstream if needed. Reused an existing local copy.,,,,,
chirps,https://data.chc.ucsb.edu/products/CHIRPS/v3.0/daily/final/sat/2024/chirps-v3.0.sat.2024.08.30.tif,2026-04-24T08:39:41+00:00,data/raw/chirps/global/daily/sat/2024/chirps-v3.0.sat.2024.08.30.tif,tif,CHIRPS is distributed by the Climate Hazards Center. Review the product documentation and citation guidance for reuse requirements.,~0.05 degree global precipitation grid,daily,"[8.699028, -3.990695, 14.502346039000088, 2.3156445020000547]",f6c1fe87ec6b3d5fa488a6274b2f00b88974ce5c0a4e1faf70645277cc1723fa,downloaded,CHIRPS v3.0 daily final `sat` precipitation for 2024-08-30. Daily CHIRPS v3.0 is distributed as a disaggregated daily GeoTIFF by CHC. Global raster; spatial subsetting is expected downstream if needed. Reused an existing local copy.,,,,,
chirps,https://data.chc.ucsb.edu/products/CHIRPS/v3.0/daily/final/sat/2024/chirps-v3.0.sat.2024.08.31.tif,2026-04-24T08:42:09+00:00,data/raw/chirps/global/daily/sat/2024/chirps-v3.0.sat.2024.08.31.tif,tif,CHIRPS is distributed by the Climate Hazards Center. Review the product documentation and citation guidance for reuse requirements.,~0.05 degree global precipitation grid,daily,"[8.699028, -3.990695, 14.502346039000088, 2.3156445020000547]",3ad7b7b758a9291522a97fadc7fcbed98c144195d968c530d807a33fca3f0029,downloaded,CHIRPS v3.0 daily final `sat` precipitation for 2024-08-31. Daily CHIRPS v3.0 is distributed as a disaggregated daily GeoTIFF by CHC. Global raster; spatial subsetting is expected downstream if needed. Downloaded from the official CHC daily final GeoTIFF directory.,,,,,
chirps,https://data.chc.ucsb.edu/products/CHIRPS/v3.0/daily/final/sat/2024/chirps-v3.0.sat.2024.09.01.tif,2026-04-24T08:42:09+00:00,data/raw/chirps/global/daily/sat/2024/chirps-v3.0.sat.2024.09.01.tif,tif,CHIRPS is distributed by the Climate Hazards Center. Review the product documentation and citation guidance for reuse requirements.,~0.05 degree global precipitation grid,daily,"[8.699028, -3.990695, 14.502346039000088, 2.3156445020000547]",14e36c06e72131634d53ca604cb882340c3f0d8658f600de69d70bfebad30e08,downloaded,CHIRPS v3.0 daily final `sat` precipitation for 2024-09-01. Daily CHIRPS v3.0 is distributed as a disaggregated daily GeoTIFF by CHC. Global raster; spatial subsetting is expected downstream if needed. Reused an existing local copy.,,,,,
chirps,https://data.chc.ucsb.edu/products/CHIRPS/v3.0/daily/final/sat/2024/chirps-v3.0.sat.2024.09.02.tif,2026-04-24T08:42:10+00:00,data/raw/chirps/global/daily/sat/2024/chirps-v3.0.sat.2024.09.02.tif,tif,CHIRPS is distributed by the Climate Hazards Center. Review the product documentation and citation guidance for reuse requirements.,~0.05 degree global precipitation grid,daily,"[8.699028, -3.990695, 14.502346039000088, 2.3156445020000547]",865b90c200030629684f2cb2dd734fef9b12f4e8930ff172157074ded43fe223,downloaded,CHIRPS v3.0 daily final `sat` precipitation for 2024-09-02. Daily CHIRPS v3.0 is distributed as a disaggregated daily GeoTIFF by CHC. Global raster; spatial subsetting is expected downstream if needed. Reused an existing local copy.,,,,,
chirps,https://data.chc.ucsb.edu/products/CHIRPS/v3.0/daily/final/sat/2024/chirps-v3.0.sat.2024.09.03.tif,2026-04-24T08:42:10+00:00,data/raw/chirps/global/daily/sat/2024/chirps-v3.0.sat.2024.09.03.tif,tif,CHIRPS is distributed by the Climate Hazards Center. Review the product documentation and citation guidance for reuse requirements.,~0.05 degree global precipitation grid,daily,"[8.699028, -3.990695, 14.502346039000088, 2.3156445020000547]",7c49b9dfd869c47447d2dea55dac299a9f4b25a8d35682862efe12d1483e4968,downloaded,CHIRPS v3.0 daily final `sat` precipitation for 2024-09-03. Daily CHIRPS v3.0 is distributed as a disaggregated daily GeoTIFF by CHC. Global raster; spatial subsetting is expected downstream if needed. Reused an existing local copy.,,,,,
chirps,https://data.chc.ucsb.edu/products/CHIRPS/v3.0/daily/final/sat/2024/chirps-v3.0.sat.2024.09.04.tif,2026-04-24T08:42:10+00:00,data/raw/chirps/global/daily/sat/2024/chirps-v3.0.sat.2024.09.04.tif,tif,CHIRPS is distributed by the Climate Hazards Center. Review the product documentation and citation guidance for reuse requirements.,~0.05 degree global precipitation grid,daily,"[8.699028, -3.990695, 14.502346039000088, 2.3156445020000547]",24b0750410a166fe8478535cb80cc7037f556893fadcbadd5a1b9d9de3f93e49,downloaded,CHIRPS v3.0 daily final `sat` precipitation for 2024-09-04. Daily CHIRPS v3.0 is distributed as a disaggregated daily GeoTIFF by CHC. Global raster; spatial subsetting is expected downstream if needed. Reused an existing local copy.,,,,,
chirps,https://data.chc.ucsb.edu/products/CHIRPS/v3.0/daily/final/sat/2024/chirps-v3.0.sat.2024.09.05.tif,2026-04-24T08:42:10+00:00,data/raw/chirps/global/daily/sat/2024/chirps-v3.0.sat.2024.09.05.tif,tif,CHIRPS is distributed by the Climate Hazards Center. Review the product documentation and citation guidance for reuse requirements.,~0.05 degree global precipitation grid,daily,"[8.699028, -3.990695, 14.502346039000088, 2.3156445020000547]",f6cdadfb99f8d21ded08e0ad37cbe90933179673bd0a10dab9ef392b5a3965a9,downloaded,CHIRPS v3.0 daily final `sat` precipitation for 2024-09-05. Daily CHIRPS v3.0 is distributed as a disaggregated daily GeoTIFF by CHC. Global raster; spatial subsetting is expected downstream if needed. Reused an existing local copy.,,,,,
chirps,https://data.chc.ucsb.edu/products/CHIRPS/v3.0/daily/final/sat/2024/chirps-v3.0.sat.2024.09.06.tif,2026-04-24T08:42:10+00:00,data/raw/chirps/global/daily/sat/2024/chirps-v3.0.sat.2024.09.06.tif,tif,CHIRPS is distributed by the Climate Hazards Center. Review the product documentation and citation guidance for reuse requirements.,~0.05 degree global precipitation grid,daily,"[8.699028, -3.990695, 14.502346039000088, 2.3156445020000547]",b0e9769dc3cdf3ed901b192cb6f3e50ad6a0e23b6f7d8c83b01f665eb35f5828,downloaded,CHIRPS v3.0 daily final `sat` precipitation for 2024-09-06. Daily CHIRPS v3.0 is distributed as a disaggregated daily GeoTIFF by CHC. Global raster; spatial subsetting is expected downstream if needed. Reused an existing local copy.,,,,,
chirps,https://data.chc.ucsb.edu/products/CHIRPS/v3.0/daily/final/sat/2024/chirps-v3.0.sat.2024.09.07.tif,2026-04-24T08:42:10+00:00,data/raw/chirps/global/daily/sat/2024/chirps-v3.0.sat.2024.09.07.tif,tif,CHIRPS is distributed by the Climate Hazards Center. Review the product documentation and citation guidance for reuse requirements.,~0.05 degree global precipitation grid,daily,"[8.699028, -3.990695, 14.502346039000088, 2.3156445020000547]",31a234034098b9ae360cc4e94163e36f19b4f2a80a002db6d03a6fd3027969a0,downloaded,CHIRPS v3.0 daily final `sat` precipitation for 2024-09-07. Daily CHIRPS v3.0 is distributed as a disaggregated daily GeoTIFF by CHC. Global raster; spatial subsetting is expected downstream if needed. Reused an existing local copy.,,,,,
chirps,https://data.chc.ucsb.edu/products/CHIRPS/v3.0/daily/final/sat/2024/chirps-v3.0.sat.2024.09.08.tif,2026-04-24T08:42:10+00:00,data/raw/chirps/global/daily/sat/2024/chirps-v3.0.sat.2024.09.08.tif,tif,CHIRPS is distributed by the Climate Hazards Center. Review the product documentation and citation guidance for reuse requirements.,~0.05 degree global precipitation grid,daily,"[8.699028, -3.990695, 14.502346039000088, 2.3156445020000547]",cc8bd6e5a90ecfdf77a4deeb53bd5eea9ff7872568180753e8880276072229cb,downloaded,CHIRPS v3.0 daily final `sat` precipitation for 2024-09-08. Daily CHIRPS v3.0 is distributed as a disaggregated daily GeoTIFF by CHC. Global raster; spatial subsetting is expected downstream if needed. Reused an existing local copy.,,,,,
chirps,https://data.chc.ucsb.edu/products/CHIRPS/v3.0/daily/final/sat/2024/chirps-v3.0.sat.2024.09.09.tif,2026-04-24T08:44:23+00:00,data/raw/chirps/global/daily/sat/2024/chirps-v3.0.sat.2024.09.09.tif,tif,CHIRPS is distributed by the Climate Hazards Center. Review the product documentation and citation guidance for reuse requirements.,~0.05 degree global precipitation grid,daily,"[8.699028, -3.990695, 14.502346039000088, 2.3156445020000547]",fc5a284c0722404bb2ef4df4ccc4ae5ba8142129584a3f93b452fd20b9714d40,downloaded,CHIRPS v3.0 daily final `sat` precipitation for 2024-09-09. Daily CHIRPS v3.0 is distributed as a disaggregated daily GeoTIFF by CHC. Global raster; spatial subsetting is expected downstream if needed. Downloaded from the official CHC daily final GeoTIFF directory.,,,,,
chirps,https://data.chc.ucsb.edu/products/CHIRPS/v3.0/daily/final/sat/2024/chirps-v3.0.sat.2024.09.10.tif,2026-04-24T08:44:23+00:00,data/raw/chirps/global/daily/sat/2024/chirps-v3.0.sat.2024.09.10.tif,tif,CHIRPS is distributed by the Climate Hazards Center. Review the product documentation and citation guidance for reuse requirements.,~0.05 degree global precipitation grid,daily,"[8.699028, -3.990695, 14.502346039000088, 2.3156445020000547]",bfa5321b51c8cd52178afc0cb93b0a00a6642d2afc7a47a67b937327f269f1f3,downloaded,CHIRPS v3.0 daily final `sat` precipitation for 2024-09-10. Daily CHIRPS v3.0 is distributed as a disaggregated daily GeoTIFF by CHC. Global raster; spatial subsetting is expected downstream if needed. Reused an existing local copy.,,,,,
chirps,https://data.chc.ucsb.edu/products/CHIRPS/v3.0/daily/final/sat/2024/chirps-v3.0.sat.2024.09.11.tif,2026-04-24T08:44:23+00:00,data/raw/chirps/global/daily/sat/2024/chirps-v3.0.sat.2024.09.11.tif,tif,CHIRPS is distributed by the Climate Hazards Center. Review the product documentation and citation guidance for reuse requirements.,~0.05 degree global precipitation grid,daily,"[8.699028, -3.990695, 14.502346039000088, 2.3156445020000547]",469e429afcf54a0a10b0c8fa4aeff58252cdb9579fde5a4803b7186176028f03,downloaded,CHIRPS v3.0 daily final `sat` precipitation for 2024-09-11. Daily CHIRPS v3.0 is distributed as a disaggregated daily GeoTIFF by CHC. Global raster; spatial subsetting is expected downstream if needed. Reused an existing local copy.,,,,,
chirps,https://data.chc.ucsb.edu/products/CHIRPS/v3.0/daily/final/sat/2024/chirps-v3.0.sat.2024.09.12.tif,2026-04-24T08:44:23+00:00,data/raw/chirps/global/daily/sat/2024/chirps-v3.0.sat.2024.09.12.tif,tif,CHIRPS is distributed by the Climate Hazards Center. Review the product documentation and citation guidance for reuse requirements.,~0.05 degree global precipitation grid,daily,"[8.699028, -3.990695, 14.502346039000088, 2.3156445020000547]",99c9a79111ce1a1c9790fca8964d6336abd081a1b147a260fdeb1fd0b7f0143d,downloaded,CHIRPS v3.0 daily final `sat` precipitation for 2024-09-12. Daily CHIRPS v3.0 is distributed as a disaggregated daily GeoTIFF by CHC. Global raster; spatial subsetting is expected downstream if needed. Reused an existing local copy.,,,,,
chirps,https://data.chc.ucsb.edu/products/CHIRPS/v3.0/daily/final/sat/2024/chirps-v3.0.sat.2024.09.13.tif,2026-04-24T08:44:23+00:00,data/raw/chirps/global/daily/sat/2024/chirps-v3.0.sat.2024.09.13.tif,tif,CHIRPS is distributed by the Climate Hazards Center. Review the product documentation and citation guidance for reuse requirements.,~0.05 degree global precipitation grid,daily,"[8.699028, -3.990695, 14.502346039000088, 2.3156445020000547]",d6e526098c34c13462ee28f61f5b7ceb5982c7760408e0f145dd731a6285e06e,downloaded,CHIRPS v3.0 daily final `sat` precipitation for 2024-09-13. Daily CHIRPS v3.0 is distributed as a disaggregated daily GeoTIFF by CHC. Global raster; spatial subsetting is expected downstream if needed. Reused an existing local copy.,,,,,
chirps,https://data.chc.ucsb.edu/products/CHIRPS/v3.0/daily/final/sat/2024/chirps-v3.0.sat.2024.09.14.tif,2026-04-24T08:44:23+00:00,data/raw/chirps/global/daily/sat/2024/chirps-v3.0.sat.2024.09.14.tif,tif,CHIRPS is distributed by the Climate Hazards Center. Review the product documentation and citation guidance for reuse requirements.,~0.05 degree global precipitation grid,daily,"[8.699028, -3.990695, 14.502346039000088, 2.3156445020000547]",c4ae1296a925aab0b67c7495e36bf3d1c2a58b666502aaae9a61f60c126a8ef6,downloaded,CHIRPS v3.0 daily final `sat` precipitation for 2024-09-14. Daily CHIRPS v3.0 is distributed as a disaggregated daily GeoTIFF by CHC. Global raster; spatial subsetting is expected downstream if needed. Reused an existing local copy.,,,,,
chirps,https://data.chc.ucsb.edu/products/CHIRPS/v3.0/daily/final/sat/2024/chirps-v3.0.sat.2024.09.15.tif,2026-04-24T08:44:23+00:00,data/raw/chirps/global/daily/sat/2024/chirps-v3.0.sat.2024.09.15.tif,tif,CHIRPS is distributed by the Climate Hazards Center. Review the product documentation and citation guidance for reuse requirements.,~0.05 degree global precipitation grid,daily,"[8.699028, -3.990695, 14.502346039000088, 2.3156445020000547]",b2dbdc4177dfa87547422dfca5cee4b788024357f4382320c480bd33e006e44f,downloaded,CHIRPS v3.0 daily final `sat` precipitation for 2024-09-15. Daily CHIRPS v3.0 is distributed as a disaggregated daily GeoTIFF by CHC. Global raster; spatial subsetting is expected downstream if needed. Reused an existing local copy.,,,,,
chirps,https://data.chc.ucsb.edu/products/CHIRPS/v3.0/daily/final/sat/2024/chirps-v3.0.sat.2024.09.16.tif,2026-04-24T08:44:23+00:00,data/raw/chirps/global/daily/sat/2024/chirps-v3.0.sat.2024.09.16.tif,tif,CHIRPS is distributed by the Climate Hazards Center. Review the product documentation and citation guidance for reuse requirements.,~0.05 degree global precipitation grid,daily,"[8.699028, -3.990695, 14.502346039000088, 2.3156445020000547]",c122b5c674b6188ccdcece12a6068384961e4b91eadbb8704e9f5a50dd81e042,downloaded,CHIRPS v3.0 daily final `sat` precipitation for 2024-09-16. Daily CHIRPS v3.0 is distributed as a disaggregated daily GeoTIFF by CHC. Global raster; spatial subsetting is expected downstream if needed. Reused an existing local copy.,,,,,
chirps,https://data.chc.ucsb.edu/products/CHIRPS/v3.0/daily/final/sat/2024/chirps-v3.0.sat.2024.09.17.tif,2026-04-24T08:44:23+00:00,data/raw/chirps/global/daily/sat/2024/chirps-v3.0.sat.2024.09.17.tif,tif,CHIRPS is distributed by the Climate Hazards Center. Review the product documentation and citation guidance for reuse requirements.,~0.05 degree global precipitation grid,daily,"[8.699028, -3.990695, 14.502346039000088, 2.3156445020000547]",20ce96a46f6ac7c35882c775e7294b4173c6b9f64d511cedba88deffaf7aa94c,downloaded,CHIRPS v3.0 daily final `sat` precipitation for 2024-09-17. Daily CHIRPS v3.0 is distributed as a disaggregated daily GeoTIFF by CHC. Global raster; spatial subsetting is expected downstream if needed. Reused an existing local copy.,,,,,
chirps,https://data.chc.ucsb.edu/products/CHIRPS/v3.0/daily/final/sat/2024/chirps-v3.0.sat.2024.09.18.tif,2026-04-24T08:46:33+00:00,data/raw/chirps/global/daily/sat/2024/chirps-v3.0.sat.2024.09.18.tif,tif,CHIRPS is distributed by the Climate Hazards Center. Review the product documentation and citation guidance for reuse requirements.,~0.05 degree global precipitation grid,daily,"[8.699028, -3.990695, 14.502346039000088, 2.3156445020000547]",4e70ecf93c3cd8d63e161edcdf0d31bc5cc57b75090ffbfbee5701554ffc0959,downloaded,CHIRPS v3.0 daily final `sat` precipitation for 2024-09-18. Daily CHIRPS v3.0 is distributed as a disaggregated daily GeoTIFF by CHC. Global raster; spatial subsetting is expected downstream if needed. Downloaded from the official CHC daily final GeoTIFF directory.,,,,,
chirps,https://data.chc.ucsb.edu/products/CHIRPS/v3.0/daily/final/sat/2024/chirps-v3.0.sat.2024.09.19.tif,2026-04-24T08:46:33+00:00,data/raw/chirps/global/daily/sat/2024/chirps-v3.0.sat.2024.09.19.tif,tif,CHIRPS is distributed by the Climate Hazards Center. Review the product documentation and citation guidance for reuse requirements.,~0.05 degree global precipitation grid,daily,"[8.699028, -3.990695, 14.502346039000088, 2.3156445020000547]",b70dfc858a1319f08bf116a7d98edf7525fba54ed33676b8ea4ced6cd229bd5c,downloaded,CHIRPS v3.0 daily final `sat` precipitation for 2024-09-19. Daily CHIRPS v3.0 is distributed as a disaggregated daily GeoTIFF by CHC. Global raster; spatial subsetting is expected downstream if needed. Reused an existing local copy.,,,,,
chirps,https://data.chc.ucsb.edu/products/CHIRPS/v3.0/daily/final/sat/2024/chirps-v3.0.sat.2024.09.20.tif,2026-04-24T08:46:33+00:00,data/raw/chirps/global/daily/sat/2024/chirps-v3.0.sat.2024.09.20.tif,tif,CHIRPS is distributed by the Climate Hazards Center. Review the product documentation and citation guidance for reuse requirements.,~0.05 degree global precipitation grid,daily,"[8.699028, -3.990695, 14.502346039000088, 2.3156445020000547]",1529cfb91c8fc9af93187fb277492635d4a8e7c8321e3b7c058c00fb00a2d2c9,downloaded,CHIRPS v3.0 daily final `sat` precipitation for 2024-09-20. Daily CHIRPS v3.0 is distributed as a disaggregated daily GeoTIFF by CHC. Global raster; spatial subsetting is expected downstream if needed. Reused an existing local copy.,,,,,
chirps,https://data.chc.ucsb.edu/products/CHIRPS/v3.0/daily/final/sat/2024/chirps-v3.0.sat.2024.09.21.tif,2026-04-24T08:46:33+00:00,data/raw/chirps/global/daily/sat/2024/chirps-v3.0.sat.2024.09.21.tif,tif,CHIRPS is distributed by the Climate Hazards Center. Review the product documentation and citation guidance for reuse requirements.,~0.05 degree global precipitation grid,daily,"[8.699028, -3.990695, 14.502346039000088, 2.3156445020000547]",3448cade53b1df6697f5e9469c53793dd142b60fc1c2e8b0a90d6c324a105162,downloaded,CHIRPS v3.0 daily final `sat` precipitation for 2024-09-21. Daily CHIRPS v3.0 is distributed as a disaggregated daily GeoTIFF by CHC. Global raster; spatial subsetting is expected downstream if needed. Reused an existing local copy.,,,,,
chirps,https://data.chc.ucsb.edu/products/CHIRPS/v3.0/daily/final/sat/2024/chirps-v3.0.sat.2024.09.22.tif,2026-04-24T08:46:33+00:00,data/raw/chirps/global/daily/sat/2024/chirps-v3.0.sat.2024.09.22.tif,tif,CHIRPS is distributed by the Climate Hazards Center. Review the product documentation and citation guidance for reuse requirements.,~0.05 degree global precipitation grid,daily,"[8.699028, -3.990695, 14.502346039000088, 2.3156445020000547]",58065fdc2403895d09f96bd7ef60876e6566e645fdecb7760387990b622c9d80,downloaded,CHIRPS v3.0 daily final `sat` precipitation for 2024-09-22. Daily CHIRPS v3.0 is distributed as a disaggregated daily GeoTIFF by CHC. Global raster; spatial subsetting is expected downstream if needed. Reused an existing local copy.,,,,,
chirps,https://data.chc.ucsb.edu/products/CHIRPS/v3.0/daily/final/sat/2024/chirps-v3.0.sat.2024.09.23.tif,2026-04-24T08:46:33+00:00,data/raw/chirps/global/daily/sat/2024/chirps-v3.0.sat.2024.09.23.tif,tif,CHIRPS is distributed by the Climate Hazards Center. Review the product documentation and citation guidance for reuse requirements.,~0.05 degree global precipitation grid,daily,"[8.699028, -3.990695, 14.502346039000088, 2.3156445020000547]",90c1687a73c72d85120329ec6cd9cec5d5f104704bdd5540a18bf7f12cc0811d,downloaded,CHIRPS v3.0 daily final `sat` precipitation for 2024-09-23. Daily CHIRPS v3.0 is distributed as a disaggregated daily GeoTIFF by CHC. Global raster; spatial subsetting is expected downstream if needed. Reused an existing local copy.,,,,,
chirps,https://data.chc.ucsb.edu/products/CHIRPS/v3.0/daily/final/sat/2024/chirps-v3.0.sat.2024.09.24.tif,2026-04-24T08:46:33+00:00,data/raw/chirps/global/daily/sat/2024/chirps-v3.0.sat.2024.09.24.tif,tif,CHIRPS is distributed by the Climate Hazards Center. Review the product documentation and citation guidance for reuse requirements.,~0.05 degree global precipitation grid,daily,"[8.699028, -3.990695, 14.502346039000088, 2.3156445020000547]",6b7cf8e8057b641f7a5414eb201d57e975d3259d983217e46567a4c563ef1c62,downloaded,CHIRPS v3.0 daily final `sat` precipitation for 2024-09-24. Daily CHIRPS v3.0 is distributed as a disaggregated daily GeoTIFF by CHC. Global raster; spatial subsetting is expected downstream if needed. Reused an existing local copy.,,,,,
chirps,https://data.chc.ucsb.edu/products/CHIRPS/v3.0/daily/final/sat/2024/chirps-v3.0.sat.2024.09.25.tif,2026-04-24T08:46:33+00:00,data/raw/chirps/global/daily/sat/2024/chirps-v3.0.sat.2024.09.25.tif,tif,CHIRPS is distributed by the Climate Hazards Center. Review the product documentation and citation guidance for reuse requirements.,~0.05 degree global precipitation grid,daily,"[8.699028, -3.990695, 14.502346039000088, 2.3156445020000547]",af86ac2b852afe07af47e6fd88143f3e02f78fc1b39caf1ff229517665118fd0,downloaded,CHIRPS v3.0 daily final `sat` precipitation for 2024-09-25. Daily CHIRPS v3.0 is distributed as a disaggregated daily GeoTIFF by CHC. Global raster; spatial subsetting is expected downstream if needed. Reused an existing local copy.,,,,,
chirps,https://data.chc.ucsb.edu/products/CHIRPS/v3.0/daily/final/sat/2024/chirps-v3.0.sat.2024.09.26.tif,2026-04-24T08:49:28+00:00,data/raw/chirps/global/daily/sat/2024/chirps-v3.0.sat.2024.09.26.tif,tif,CHIRPS is distributed by the Climate Hazards Center. Review the product documentation and citation guidance for reuse requirements.,~0.05 degree global precipitation grid,daily,"[8.699028, -3.990695, 14.502346039000088, 2.3156445020000547]",db6d67baaec54145e2467f765f7ccbf1204cc6baaf509ffa07cb6b36f8b42aec,downloaded,CHIRPS v3.0 daily final `sat` precipitation for 2024-09-26. Daily CHIRPS v3.0 is distributed as a disaggregated daily GeoTIFF by CHC. Global raster; spatial subsetting is expected downstream if needed. Downloaded from the official CHC daily final GeoTIFF directory.,,,,,
chirps,https://data.chc.ucsb.edu/products/CHIRPS/v3.0/daily/final/sat/2024/chirps-v3.0.sat.2024.09.27.tif,2026-04-24T08:49:28+00:00,data/raw/chirps/global/daily/sat/2024/chirps-v3.0.sat.2024.09.27.tif,tif,CHIRPS is distributed by the Climate Hazards Center. Review the product documentation and citation guidance for reuse requirements.,~0.05 degree global precipitation grid,daily,"[8.699028, -3.990695, 14.502346039000088, 2.3156445020000547]",b08303119363f7fec91cbc20cef3bdc2795720173c98154f4e1855db46b01eb3,downloaded,CHIRPS v3.0 daily final `sat` precipitation for 2024-09-27. Daily CHIRPS v3.0 is distributed as a disaggregated daily GeoTIFF by CHC. Global raster; spatial subsetting is expected downstream if needed. Reused an existing local copy.,,,,,
chirps,https://data.chc.ucsb.edu/products/CHIRPS/v3.0/daily/final/sat/2024/chirps-v3.0.sat.2024.09.28.tif,2026-04-24T08:49:28+00:00,data/raw/chirps/global/daily/sat/2024/chirps-v3.0.sat.2024.09.28.tif,tif,CHIRPS is distributed by the Climate Hazards Center. Review the product documentation and citation guidance for reuse requirements.,~0.05 degree global precipitation grid,daily,"[8.699028, -3.990695, 14.502346039000088, 2.3156445020000547]",0c0aebbb16349095f60860558fc4c74fda9dc9b197ceedc4b0ed89c678d4ecee,downloaded,CHIRPS v3.0 daily final `sat` precipitation for 2024-09-28. Daily CHIRPS v3.0 is distributed as a disaggregated daily GeoTIFF by CHC. Global raster; spatial subsetting is expected downstream if needed. Reused an existing local copy.,,,,,
chirps,https://data.chc.ucsb.edu/products/CHIRPS/v3.0/daily/final/sat/2024/chirps-v3.0.sat.2024.09.29.tif,2026-04-24T08:49:28+00:00,data/raw/chirps/global/daily/sat/2024/chirps-v3.0.sat.2024.09.29.tif,tif,CHIRPS is distributed by the Climate Hazards Center. Review the product documentation and citation guidance for reuse requirements.,~0.05 degree global precipitation grid,daily,"[8.699028, -3.990695, 14.502346039000088, 2.3156445020000547]",2b45dd664d4d8e7e3894a8f437b7cb51b7c54adbcba22391d8057970729f5cda,downloaded,CHIRPS v3.0 daily final `sat` precipitation for 2024-09-29. Daily CHIRPS v3.0 is distributed as a disaggregated daily GeoTIFF by CHC. Global raster; spatial subsetting is expected downstream if needed. Reused an existing local copy.,,,,,
chirps,https://data.chc.ucsb.edu/products/CHIRPS/v3.0/daily/final/sat/2024/chirps-v3.0.sat.2024.09.30.tif,2026-04-24T08:49:28+00:00,data/raw/chirps/global/daily/sat/2024/chirps-v3.0.sat.2024.09.30.tif,tif,CHIRPS is distributed by the Climate Hazards Center. Review the product documentation and citation guidance for reuse requirements.,~0.05 degree global precipitation grid,daily,"[8.699028, -3.990695, 14.502346039000088, 2.3156445020000547]",e9484787b3ade56b0e0edd389009ebb894594c1f697a0161309a41d829e4e58c,downloaded,CHIRPS v3.0 daily final `sat` precipitation for 2024-09-30. Daily CHIRPS v3.0 is distributed as a disaggregated daily GeoTIFF by CHC. Global raster; spatial subsetting is expected downstream if needed. Reused an existing local copy.,,,,,
chirps,https://data.chc.ucsb.edu/products/CHIRPS/v3.0/daily/final/sat/2024/chirps-v3.0.sat.2024.10.01.tif,2026-04-24T08:49:28+00:00,data/raw/chirps/global/daily/sat/2024/chirps-v3.0.sat.2024.10.01.tif,tif,CHIRPS is distributed by the Climate Hazards Center. Review the product documentation and citation guidance for reuse requirements.,~0.05 degree global precipitation grid,daily,"[8.699028, -3.990695, 14.502346039000088, 2.3156445020000547]",839beee312f6ee65eeb2cafe16e2eeac49be32c4f8e715e9052637407bd62eda,downloaded,CHIRPS v3.0 daily final `sat` precipitation for 2024-10-01. Daily CHIRPS v3.0 is distributed as a disaggregated daily GeoTIFF by CHC. Global raster; spatial subsetting is expected downstream if needed. Reused an existing local copy.,,,,,
chirps,https://data.chc.ucsb.edu/products/CHIRPS/v3.0/daily/final/sat/2024/chirps-v3.0.sat.2024.10.02.tif,2026-04-24T08:49:28+00:00,data/raw/chirps/global/daily/sat/2024/chirps-v3.0.sat.2024.10.02.tif,tif,CHIRPS is distributed by the Climate Hazards Center. Review the product documentation and citation guidance for reuse requirements.,~0.05 degree global precipitation grid,daily,"[8.699028, -3.990695, 14.502346039000088, 2.3156445020000547]",9f4df5393b2538060f9f176f93b6b801bc0dd13859e80d597cf5713a9c4501b9,downloaded,CHIRPS v3.0 daily final `sat` precipitation for 2024-10-02. Daily CHIRPS v3.0 is distributed as a disaggregated daily GeoTIFF by CHC. Global raster; spatial subsetting is expected downstream if needed. Reused an existing local copy.,,,,,
chirps,https://data.chc.ucsb.edu/products/CHIRPS/v3.0/daily/final/sat/2024/chirps-v3.0.sat.2024.10.03.tif,2026-04-24T08:49:28+00:00,data/raw/chirps/global/daily/sat/2024/chirps-v3.0.sat.2024.10.03.tif,tif,CHIRPS is distributed by the Climate Hazards Center. Review the product documentation and citation guidance for reuse requirements.,~0.05 degree global precipitation grid,daily,"[8.699028, -3.990695, 14.502346039000088, 2.3156445020000547]",7531d99dd66431c239660e1baef2150d8188ffced8b0a3f506cbf4b8b255e1a6,downloaded,CHIRPS v3.0 daily final `sat` precipitation for 2024-10-03. Daily CHIRPS v3.0 is distributed as a disaggregated daily GeoTIFF by CHC. Global raster; spatial subsetting is expected downstream if needed. Reused an existing local copy.,,,,,
chirps,https://data.chc.ucsb.edu/products/CHIRPS/v3.0/daily/final/sat/2024/chirps-v3.0.sat.2024.10.04.tif,2026-04-24T08:49:29+00:00,data/raw/chirps/global/daily/sat/2024/chirps-v3.0.sat.2024.10.04.tif,tif,CHIRPS is distributed by the Climate Hazards Center. Review the product documentation and citation guidance for reuse requirements.,~0.05 degree global precipitation grid,daily,"[8.699028, -3.990695, 14.502346039000088, 2.3156445020000547]",19eb0c6a7cb45a9529d00103b071d5e43dfeefc69f2de4ba4cb6aa87c8d01033,downloaded,CHIRPS v3.0 daily final `sat` precipitation for 2024-10-04. Daily CHIRPS v3.0 is distributed as a disaggregated daily GeoTIFF by CHC. Global raster; spatial subsetting is expected downstream if needed. Reused an existing local copy.,,,,,
chirps,https://data.chc.ucsb.edu/products/CHIRPS/v3.0/daily/final/sat/2024/chirps-v3.0.sat.2024.10.05.tif,2026-04-24T08:49:29+00:00,data/raw/chirps/global/daily/sat/2024/chirps-v3.0.sat.2024.10.05.tif,tif,CHIRPS is distributed by the Climate Hazards Center. Review the product documentation and citation guidance for reuse requirements.,~0.05 degree global precipitation grid,daily,"[8.699028, -3.990695, 14.502346039000088, 2.3156445020000547]",d959c80c941ad31bb9af2eb543e5b1ea1ed00d2a8f4954af3417453e2cbe00c8,downloaded,CHIRPS v3.0 daily final `sat` precipitation for 2024-10-05. Daily CHIRPS v3.0 is distributed as a disaggregated daily GeoTIFF by CHC. Global raster; spatial subsetting is expected downstream if needed. Reused an existing local copy.,,,,,
chirps,https://data.chc.ucsb.edu/products/CHIRPS/v3.0/daily/final/sat/2024/chirps-v3.0.sat.2024.10.06.tif,2026-04-24T08:49:29+00:00,data/raw/chirps/global/daily/sat/2024/chirps-v3.0.sat.2024.10.06.tif,tif,CHIRPS is distributed by the Climate Hazards Center. Review the product documentation and citation guidance for reuse requirements.,~0.05 degree global precipitation grid,daily,"[8.699028, -3.990695, 14.502346039000088, 2.3156445020000547]",a32d6e70daabc465e115720cfb7441de184d1838d8b7e17b16b5cad1da9d2b81,downloaded,CHIRPS v3.0 daily final `sat` precipitation for 2024-10-06. Daily CHIRPS v3.0 is distributed as a disaggregated daily GeoTIFF by CHC. Global raster; spatial subsetting is expected downstream if needed. Reused an existing local copy.,,,,,
chirps,https://data.chc.ucsb.edu/products/CHIRPS/v3.0/daily/final/sat/2024/chirps-v3.0.sat.2024.10.07.tif,2026-04-24T08:49:29+00:00,data/raw/chirps/global/daily/sat/2024/chirps-v3.0.sat.2024.10.07.tif,tif,CHIRPS is distributed by the Climate Hazards Center. Review the product documentation and citation guidance for reuse requirements.,~0.05 degree global precipitation grid,daily,"[8.699028, -3.990695, 14.502346039000088, 2.3156445020000547]",de1aa3ac3f51ab12b61f853ac5cc0934273eb3fb46f08902b60bf96bb13b481b,downloaded,CHIRPS v3.0 daily final `sat` precipitation for 2024-10-07. Daily CHIRPS v3.0 is distributed as a disaggregated daily GeoTIFF by CHC. Global raster; spatial subsetting is expected downstream if needed. Reused an existing local copy.,,,,,
chirps,https://data.chc.ucsb.edu/products/CHIRPS/v3.0/daily/final/sat/2024/chirps-v3.0.sat.2024.10.08.tif,2026-04-24T08:51:39+00:00,data/raw/chirps/global/daily/sat/2024/chirps-v3.0.sat.2024.10.08.tif,tif,CHIRPS is distributed by the Climate Hazards Center. Review the product documentation and citation guidance for reuse requirements.,~0.05 degree global precipitation grid,daily,"[8.699028, -3.990695, 14.502346039000088, 2.3156445020000547]",370aa2f3ab7bdd48a5afcff493fcd18d41ebd5b11c18f125e6cbd81b382aebac,downloaded,CHIRPS v3.0 daily final `sat` precipitation for 2024-10-08. Daily CHIRPS v3.0 is distributed as a disaggregated daily GeoTIFF by CHC. Global raster; spatial subsetting is expected downstream if needed. Downloaded from the official CHC daily final GeoTIFF directory.,,,,,
chirps,https://data.chc.ucsb.edu/products/CHIRPS/v3.0/daily/final/sat/2024/chirps-v3.0.sat.2024.10.09.tif,2026-04-24T08:51:39+00:00,data/raw/chirps/global/daily/sat/2024/chirps-v3.0.sat.2024.10.09.tif,tif,CHIRPS is distributed by the Climate Hazards Center. Review the product documentation and citation guidance for reuse requirements.,~0.05 degree global precipitation grid,daily,"[8.699028, -3.990695, 14.502346039000088, 2.3156445020000547]",5ab56298c4164bff9fdd522f52e2da7b15f230b918aa65f87d2d460212bddc00,downloaded,CHIRPS v3.0 daily final `sat` precipitation for 2024-10-09. Daily CHIRPS v3.0 is distributed as a disaggregated daily GeoTIFF by CHC. Global raster; spatial subsetting is expected downstream if needed. Reused an existing local copy.,,,,,
chirps,https://data.chc.ucsb.edu/products/CHIRPS/v3.0/daily/final/sat/2024/chirps-v3.0.sat.2024.10.10.tif,2026-04-24T08:51:39+00:00,data/raw/chirps/global/daily/sat/2024/chirps-v3.0.sat.2024.10.10.tif,tif,CHIRPS is distributed by the Climate Hazards Center. Review the product documentation and citation guidance for reuse requirements.,~0.05 degree global precipitation grid,daily,"[8.699028, -3.990695, 14.502346039000088, 2.3156445020000547]",537b94b758772d8119efbe1cdf3e8825c42a2b852ade5c1ab27697b76f84766a,downloaded,CHIRPS v3.0 daily final `sat` precipitation for 2024-10-10. Daily CHIRPS v3.0 is distributed as a disaggregated daily GeoTIFF by CHC. Global raster; spatial subsetting is expected downstream if needed. Reused an existing local copy.,,,,,
chirps,https://data.chc.ucsb.edu/products/CHIRPS/v3.0/daily/final/sat/2024/chirps-v3.0.sat.2024.10.11.tif,2026-04-24T08:51:39+00:00,data/raw/chirps/global/daily/sat/2024/chirps-v3.0.sat.2024.10.11.tif,tif,CHIRPS is distributed by the Climate Hazards Center. Review the product documentation and citation guidance for reuse requirements.,~0.05 degree global precipitation grid,daily,"[8.699028, -3.990695, 14.502346039000088, 2.3156445020000547]",8589de7905f570fa2992266c0c7e84d4478781b42199c0884dce9eb326e500c6,downloaded,CHIRPS v3.0 daily final `sat` precipitation for 2024-10-11. Daily CHIRPS v3.0 is distributed as a disaggregated daily GeoTIFF by CHC. Global raster; spatial subsetting is expected downstream if needed. Reused an existing local copy.,,,,,
chirps,https://data.chc.ucsb.edu/products/CHIRPS/v3.0/daily/final/sat/2024/chirps-v3.0.sat.2024.10.12.tif,2026-04-24T08:51:39+00:00,data/raw/chirps/global/daily/sat/2024/chirps-v3.0.sat.2024.10.12.tif,tif,CHIRPS is distributed by the Climate Hazards Center. Review the product documentation and citation guidance for reuse requirements.,~0.05 degree global precipitation grid,daily,"[8.699028, -3.990695, 14.502346039000088, 2.3156445020000547]",f14198984500ef677c3e2cd350a9a1076fc3b6b66730285a2c6757f21f282ec7,downloaded,CHIRPS v3.0 daily final `sat` precipitation for 2024-10-12. Daily CHIRPS v3.0 is distributed as a disaggregated daily GeoTIFF by CHC. Global raster; spatial subsetting is expected downstream if needed. Reused an existing local copy.,,,,,
chirps,https://data.chc.ucsb.edu/products/CHIRPS/v3.0/daily/final/sat/2024/chirps-v3.0.sat.2024.10.13.tif,2026-04-24T08:51:39+00:00,data/raw/chirps/global/daily/sat/2024/chirps-v3.0.sat.2024.10.13.tif,tif,CHIRPS is distributed by the Climate Hazards Center. Review the product documentation and citation guidance for reuse requirements.,~0.05 degree global precipitation grid,daily,"[8.699028, -3.990695, 14.502346039000088, 2.3156445020000547]",30e50cd997d9de258fd728732aa90355cc381e2845c79368989246a9ba39ccb7,downloaded,CHIRPS v3.0 daily final `sat` precipitation for 2024-10-13. Daily CHIRPS v3.0 is distributed as a disaggregated daily GeoTIFF by CHC. Global raster; spatial subsetting is expected downstream if needed. Reused an existing local copy.,,,,,
chirps,https://data.chc.ucsb.edu/products/CHIRPS/v3.0/daily/final/sat/2024/chirps-v3.0.sat.2024.10.14.tif,2026-04-24T08:51:39+00:00,data/raw/chirps/global/daily/sat/2024/chirps-v3.0.sat.2024.10.14.tif,tif,CHIRPS is distributed by the Climate Hazards Center. Review the product documentation and citation guidance for reuse requirements.,~0.05 degree global precipitation grid,daily,"[8.699028, -3.990695, 14.502346039000088, 2.3156445020000547]",863701e45b147637f708cc177844d6a298b3be792972e01d9a770c914aacb239,downloaded,CHIRPS v3.0 daily final `sat` precipitation for 2024-10-14. Daily CHIRPS v3.0 is distributed as a disaggregated daily GeoTIFF by CHC. Global raster; spatial subsetting is expected downstream if needed. Reused an existing local copy.,,,,,
chirps,https://data.chc.ucsb.edu/products/CHIRPS/v3.0/daily/final/sat/2024/chirps-v3.0.sat.2024.10.15.tif,2026-04-24T08:54:18+00:00,data/raw/chirps/global/daily/sat/2024/chirps-v3.0.sat.2024.10.15.tif,tif,CHIRPS is distributed by the Climate Hazards Center. Review the product documentation and citation guidance for reuse requirements.,~0.05 degree global precipitation grid,daily,"[8.699028, -3.990695, 14.502346039000088, 2.3156445020000547]",26cff90fd4385a432ae693008ac0f74f5a1794a8fd09c404d5de8104f84b6011,downloaded,CHIRPS v3.0 daily final `sat` precipitation for 2024-10-15. Daily CHIRPS v3.0 is distributed as a disaggregated daily GeoTIFF by CHC. Global raster; spatial subsetting is expected downstream if needed. Downloaded from the official CHC daily final GeoTIFF directory.,,,,,
chirps,https://data.chc.ucsb.edu/products/CHIRPS/v3.0/daily/final/sat/2024/chirps-v3.0.sat.2024.10.16.tif,2026-04-24T08:54:18+00:00,data/raw/chirps/global/daily/sat/2024/chirps-v3.0.sat.2024.10.16.tif,tif,CHIRPS is distributed by the Climate Hazards Center. Review the product documentation and citation guidance for reuse requirements.,~0.05 degree global precipitation grid,daily,"[8.699028, -3.990695, 14.502346039000088, 2.3156445020000547]",1de03f012e0ad53ef02f9e2c21690f3f86e8d09b3b4371959407ccba15be257c,downloaded,CHIRPS v3.0 daily final `sat` precipitation for 2024-10-16. Daily CHIRPS v3.0 is distributed as a disaggregated daily GeoTIFF by CHC. Global raster; spatial subsetting is expected downstream if needed. Reused an existing local copy.,,,,,
chirps,https://data.chc.ucsb.edu/products/CHIRPS/v3.0/daily/final/sat/2024/chirps-v3.0.sat.2024.10.17.tif,2026-04-24T08:54:18+00:00,data/raw/chirps/global/daily/sat/2024/chirps-v3.0.sat.2024.10.17.tif,tif,CHIRPS is distributed by the Climate Hazards Center. Review the product documentation and citation guidance for reuse requirements.,~0.05 degree global precipitation grid,daily,"[8.699028, -3.990695, 14.502346039000088, 2.3156445020000547]",0c1cbe3f633f0ce4a7312d5011281614781d4eb67350861e5e1ffba61f5428b9,downloaded,CHIRPS v3.0 daily final `sat` precipitation for 2024-10-17. Daily CHIRPS v3.0 is distributed as a disaggregated daily GeoTIFF by CHC. Global raster; spatial subsetting is expected downstream if needed. Reused an existing local copy.,,,,,
chirps,https://data.chc.ucsb.edu/products/CHIRPS/v3.0/daily/final/sat/2024/chirps-v3.0.sat.2024.10.18.tif,2026-04-24T08:54:18+00:00,data/raw/chirps/global/daily/sat/2024/chirps-v3.0.sat.2024.10.18.tif,tif,CHIRPS is distributed by the Climate Hazards Center. Review the product documentation and citation guidance for reuse requirements.,~0.05 degree global precipitation grid,daily,"[8.699028, -3.990695, 14.502346039000088, 2.3156445020000547]",74ccd357fa36b8006922e1838eaf9e23859a3ae0138fca917367b9b9e2c857bf,downloaded,CHIRPS v3.0 daily final `sat` precipitation for 2024-10-18. Daily CHIRPS v3.0 is distributed as a disaggregated daily GeoTIFF by CHC. Global raster; spatial subsetting is expected downstream if needed. Reused an existing local copy.,,,,,
chirps,https://data.chc.ucsb.edu/products/CHIRPS/v3.0/daily/final/sat/2024/chirps-v3.0.sat.2024.10.19.tif,2026-04-24T08:54:18+00:00,data/raw/chirps/global/daily/sat/2024/chirps-v3.0.sat.2024.10.19.tif,tif,CHIRPS is distributed by the Climate Hazards Center. Review the product documentation and citation guidance for reuse requirements.,~0.05 degree global precipitation grid,daily,"[8.699028, -3.990695, 14.502346039000088, 2.3156445020000547]",a7eec9c3cf4bfd1dc8346ce05b8be593cfc09834010a50becbbe32c096d4b4ce,downloaded,CHIRPS v3.0 daily final `sat` precipitation for 2024-10-19. Daily CHIRPS v3.0 is distributed as a disaggregated daily GeoTIFF by CHC. Global raster; spatial subsetting is expected downstream if needed. Reused an existing local copy.,,,,,
chirps,https://data.chc.ucsb.edu/products/CHIRPS/v3.0/daily/final/sat/2024/chirps-v3.0.sat.2024.10.20.tif,2026-04-24T08:54:18+00:00,data/raw/chirps/global/daily/sat/2024/chirps-v3.0.sat.2024.10.20.tif,tif,CHIRPS is distributed by the Climate Hazards Center. Review the product documentation and citation guidance for reuse requirements.,~0.05 degree global precipitation grid,daily,"[8.699028, -3.990695, 14.502346039000088, 2.3156445020000547]",ef7193686c0af6b217ca68012b0c5c54d21dddf8a82cd03d76760c8ac4165953,downloaded,CHIRPS v3.0 daily final `sat` precipitation for 2024-10-20. Daily CHIRPS v3.0 is distributed as a disaggregated daily GeoTIFF by CHC. Global raster; spatial subsetting is expected downstream if needed. Reused an existing local copy.,,,,,
chirps,https://data.chc.ucsb.edu/products/CHIRPS/v3.0/daily/final/sat/2024/chirps-v3.0.sat.2024.10.21.tif,2026-04-24T08:54:18+00:00,data/raw/chirps/global/daily/sat/2024/chirps-v3.0.sat.2024.10.21.tif,tif,CHIRPS is distributed by the Climate Hazards Center. Review the product documentation and citation guidance for reuse requirements.,~0.05 degree global precipitation grid,daily,"[8.699028, -3.990695, 14.502346039000088, 2.3156445020000547]",e3eec019346e18615e7547c9da28c7cf66bd4687801d2e65b2406cf12f5567c5,downloaded,CHIRPS v3.0 daily final `sat` precipitation for 2024-10-21. Daily CHIRPS v3.0 is distributed as a disaggregated daily GeoTIFF by CHC. Global raster; spatial subsetting is expected downstream if needed. Reused an existing local copy.,,,,,
chirps,https://data.chc.ucsb.edu/products/CHIRPS/v3.0/daily/final/sat/2024/chirps-v3.0.sat.2024.10.22.tif,2026-04-24T08:54:18+00:00,data/raw/chirps/global/daily/sat/2024/chirps-v3.0.sat.2024.10.22.tif,tif,CHIRPS is distributed by the Climate Hazards Center. Review the product documentation and citation guidance for reuse requirements.,~0.05 degree global precipitation grid,daily,"[8.699028, -3.990695, 14.502346039000088, 2.3156445020000547]",a438b79e99b55c7962e031d9f2949760544f8c297e5c53c3e84a1e8e1cdf2d09,downloaded,CHIRPS v3.0 daily final `sat` precipitation for 2024-10-22. Daily CHIRPS v3.0 is distributed as a disaggregated daily GeoTIFF by CHC. Global raster; spatial subsetting is expected downstream if needed. Reused an existing local copy.,,,,,
chirps,https://data.chc.ucsb.edu/products/CHIRPS/v3.0/daily/final/sat/2024/chirps-v3.0.sat.2024.10.23.tif,2026-04-24T08:54:18+00:00,data/raw/chirps/global/daily/sat/2024/chirps-v3.0.sat.2024.10.23.tif,tif,CHIRPS is distributed by the Climate Hazards Center. Review the product documentation and citation guidance for reuse requirements.,~0.05 degree global precipitation grid,daily,"[8.699028, -3.990695, 14.502346039000088, 2.3156445020000547]",01c8ff85312a606cc1a8d84d30c4780954afa524676db8e6d8471d94bb717967,downloaded,CHIRPS v3.0 daily final `sat` precipitation for 2024-10-23. Daily CHIRPS v3.0 is distributed as a disaggregated daily GeoTIFF by CHC. Global raster; spatial subsetting is expected downstream if needed. Reused an existing local copy.,,,,,
chirps,https://data.chc.ucsb.edu/products/CHIRPS/v3.0/daily/final/sat/2024/chirps-v3.0.sat.2024.10.24.tif,2026-04-24T08:54:18+00:00,data/raw/chirps/global/daily/sat/2024/chirps-v3.0.sat.2024.10.24.tif,tif,CHIRPS is distributed by the Climate Hazards Center. Review the product documentation and citation guidance for reuse requirements.,~0.05 degree global precipitation grid,daily,"[8.699028, -3.990695, 14.502346039000088, 2.3156445020000547]",324da6aab5330b83506486d4715338a9cef430a8c1a06a0ad24cd1de0dff7821,downloaded,CHIRPS v3.0 daily final `sat` precipitation for 2024-10-24. Daily CHIRPS v3.0 is distributed as a disaggregated daily GeoTIFF by CHC. Global raster; spatial subsetting is expected downstream if needed. Reused an existing local copy.,,,,,
chirps,https://data.chc.ucsb.edu/products/CHIRPS/v3.0/daily/final/sat/2024/chirps-v3.0.sat.2024.10.25.tif,2026-04-24T08:54:18+00:00,data/raw/chirps/global/daily/sat/2024/chirps-v3.0.sat.2024.10.25.tif,tif,CHIRPS is distributed by the Climate Hazards Center. Review the product documentation and citation guidance for reuse requirements.,~0.05 degree global precipitation grid,daily,"[8.699028, -3.990695, 14.502346039000088, 2.3156445020000547]",ec831c0687d5bbcc4f12923180d2c7b0bafa1bf3a3c6d2884275f5426fa6276d,downloaded,CHIRPS v3.0 daily final `sat` precipitation for 2024-10-25. Daily CHIRPS v3.0 is distributed as a disaggregated daily GeoTIFF by CHC. Global raster; spatial subsetting is expected downstream if needed. Reused an existing local copy.,,,,,
chirps,https://data.chc.ucsb.edu/products/CHIRPS/v3.0/daily/final/sat/2024/chirps-v3.0.sat.2024.10.26.tif,2026-04-24T08:54:18+00:00,data/raw/chirps/global/daily/sat/2024/chirps-v3.0.sat.2024.10.26.tif,tif,CHIRPS is distributed by the Climate Hazards Center. Review the product documentation and citation guidance for reuse requirements.,~0.05 degree global precipitation grid,daily,"[8.699028, -3.990695, 14.502346039000088, 2.3156445020000547]",e2d4cf1ffa683af4aa855de39b9e4ff8ea7a1142bc5568c3c092fa7a1104d0e8,downloaded,CHIRPS v3.0 daily final `sat` precipitation for 2024-10-26. Daily CHIRPS v3.0 is distributed as a disaggregated daily GeoTIFF by CHC. Global raster; spatial subsetting is expected downstream if needed. Reused an existing local copy.,,,,,
chirps,https://data.chc.ucsb.edu/products/CHIRPS/v3.0/daily/final/sat/2024/chirps-v3.0.sat.2024.10.27.tif,2026-04-24T08:55:37+00:00,data/raw/chirps/global/daily/sat/2024/chirps-v3.0.sat.2024.10.27.tif,tif,CHIRPS is distributed by the Climate Hazards Center. Review the product documentation and citation guidance for reuse requirements.,~0.05 degree global precipitation grid,daily,"[8.699028, -3.990695, 14.502346039000088, 2.3156445020000547]",5bd01246a1fbda439aea04f02cde38279799ad4bd1c344b5002a8d0e6d2a79be,downloaded,CHIRPS v3.0 daily final `sat` precipitation for 2024-10-27. Daily CHIRPS v3.0 is distributed as a disaggregated daily GeoTIFF by CHC. Global raster; spatial subsetting is expected downstream if needed. Downloaded from the official CHC daily final GeoTIFF directory.,,,,,
chirps,https://data.chc.ucsb.edu/products/CHIRPS/v3.0/daily/final/sat/2024/chirps-v3.0.sat.2024.10.28.tif,2026-04-24T08:55:37+00:00,data/raw/chirps/global/daily/sat/2024/chirps-v3.0.sat.2024.10.28.tif,tif,CHIRPS is distributed by the Climate Hazards Center. Review the product documentation and citation guidance for reuse requirements.,~0.05 degree global precipitation grid,daily,"[8.699028, -3.990695, 14.502346039000088, 2.3156445020000547]",570962d1e750e56fd28f52f1a6c2943e0e16d83da7145fd0fa5c87e104216d46,downloaded,CHIRPS v3.0 daily final `sat` precipitation for 2024-10-28. Daily CHIRPS v3.0 is distributed as a disaggregated daily GeoTIFF by CHC. Global raster; spatial subsetting is expected downstream if needed. Reused an existing local copy.,,,,,
chirps,https://data.chc.ucsb.edu/products/CHIRPS/v3.0/daily/final/sat/2024/chirps-v3.0.sat.2024.10.29.tif,2026-04-24T08:55:37+00:00,data/raw/chirps/global/daily/sat/2024/chirps-v3.0.sat.2024.10.29.tif,tif,CHIRPS is distributed by the Climate Hazards Center. Review the product documentation and citation guidance for reuse requirements.,~0.05 degree global precipitation grid,daily,"[8.699028, -3.990695, 14.502346039000088, 2.3156445020000547]",4bdba0130e09181c11b7997bea3c977e45806b65b942cb9c901cfa9b69b00547,downloaded,CHIRPS v3.0 daily final `sat` precipitation for 2024-10-29. Daily CHIRPS v3.0 is distributed as a disaggregated daily GeoTIFF by CHC. Global raster; spatial subsetting is expected downstream if needed. Reused an existing local copy.,,,,,
chirps,https://data.chc.ucsb.edu/products/CHIRPS/v3.0/daily/final/sat/2024/chirps-v3.0.sat.2024.10.30.tif,2026-04-24T08:55:37+00:00,data/raw/chirps/global/daily/sat/2024/chirps-v3.0.sat.2024.10.30.tif,tif,CHIRPS is distributed by the Climate Hazards Center. Review the product documentation and citation guidance for reuse requirements.,~0.05 degree global precipitation grid,daily,"[8.699028, -3.990695, 14.502346039000088, 2.3156445020000547]",d1182b0b21e62d3fc4bbf1f21f514020e025204f8b4be88bdfb1b798940cf30b,downloaded,CHIRPS v3.0 daily final `sat` precipitation for 2024-10-30. Daily CHIRPS v3.0 is distributed as a disaggregated daily GeoTIFF by CHC. Global raster; spatial subsetting is expected downstream if needed. Reused an existing local copy.,,,,,
chirps,https://data.chc.ucsb.edu/products/CHIRPS/v3.0/daily/final/sat/2024/chirps-v3.0.sat.2024.10.31.tif,2026-04-24T08:55:37+00:00,data/raw/chirps/global/daily/sat/2024/chirps-v3.0.sat.2024.10.31.tif,tif,CHIRPS is distributed by the Climate Hazards Center. Review the product documentation and citation guidance for reuse requirements.,~0.05 degree global precipitation grid,daily,"[8.699028, -3.990695, 14.502346039000088, 2.3156445020000547]",4bf2af56c8057c1efef09e2064e993f5af1c92dfcef96c478a52dd8f47783142,downloaded,CHIRPS v3.0 daily final `sat` precipitation for 2024-10-31. Daily CHIRPS v3.0 is distributed as a disaggregated daily GeoTIFF by CHC. Global raster; spatial subsetting is expected downstream if needed. Reused an existing local copy.,,,,,
coastaldem,https://www.climatecentral.org/coastaldem-v2.1,2026-04-21T15:32:46+00:00,data/metadata/manual_steps/coastaldem.md,md,Climate Central CoastalDEM access and licence terms must be reviewed on the product page or request workflow.,See CoastalDEM version documentation,static elevation,"[6.433333, -0.016667, 7.5, 1.75]",8eb87df1288b86e7b8973f2d9b7a538927275d1125370a1bcd66930f0fc0d566,manual,CoastalDEM requires manual acquisition in this first-pass pipeline.,,,,,
era5,https://cds.climate.copernicus.eu/datasets/reanalysis-era5-land,2026-04-23T22:01:45+00:00,data/raw/era5/era5-land-hourly-gabon-2024-08.nc,nc,Copernicus Climate Data Store licence applies. Users usually need an account and dataset licence acceptance.,0.1 degree grid,hourly,"[8.699028, -3.990695, 14.502346039000088, 2.3156445020000547]",a46daf556655975a5a42e5db2807d39bb9828da512238ae60ad6bc4529e8b7a0,downloaded,Retrieved `reanalysis-era5-land` through the CDS API. Request parameters were taken from config/datasets.yaml.,,,,,
era5,https://cds.climate.copernicus.eu/datasets/reanalysis-era5-land,2026-04-23T22:10:39+00:00,data/raw/era5/era5-land-hourly-gabon-2024-09.nc,nc,Copernicus Climate Data Store licence applies. Users usually need an account and dataset licence acceptance.,0.1 degree grid,hourly,"[8.699028, -3.990695, 14.502346039000088, 2.3156445020000547]",654a6fccc3c9a12f65e75c660460a0b7fee97475b581032257d1a908303b2b56,downloaded,Retrieved `reanalysis-era5-land` through the CDS API. Request parameters were taken from config/datasets.yaml.,,,,,
era5,https://cds.climate.copernicus.eu/datasets/reanalysis-era5-land,2026-04-23T22:19:26+00:00,data/raw/era5/era5-land-hourly-gabon-2024-10.nc,nc,Copernicus Climate Data Store licence applies. Users usually need an account and dataset licence acceptance.,0.1 degree grid,hourly,"[8.699028, -3.990695, 14.502346039000088, 2.3156445020000547]",24c725a72529c4e2decf1e8da3efb770bf76c1a784a11147e074777a3735083f,downloaded,Retrieved `reanalysis-era5-land` through the CDS API. Request parameters were taken from config/datasets.yaml.,,,,,
era5_spi,https://storage.googleapis.com/noaa-nidis-drought-gov-data/current-conditions/tile/v1/ce-GLOBAL-ERA5_LAND_DAILY-spi-12mo/GLOBAL-ERA5_LAND_DAILY-spi-12mo.tif,2026-04-22T12:51:11+00:00,data/raw/era5_spi/global/monthly/GLOBAL-ERA5_LAND_DAILY-spi-12mo.tif,tif,"ERA5 SPI GeoTIFFs are distributed via Drought.gov / NOAA NIDIS current-conditions storage. Review Drought.gov, Climate Engine, and ECMWF/C3S citation guidance before redistribution.",Global ~30 km SPI GeoTIFF derived from ERA5 / Climate Engine,12-month SPI (monthly product),,5052d2557f335bafd337587be1717b931a6bbff42af19df3f7cb6dcb1b1f9512,downloaded,"Drought.gov / NOAA NIDIS global ERA5 SPI GeoTIFF for the 12-month timescale. This is a ready-made SPI layer, not raw precipitation. Global raster; spatial subsetting is expected downstream if needed. Downloaded from the Drought.gov public storage bucket.",,,,,
era5_spi,https://storage.googleapis.com/noaa-nidis-drought-gov-data/current-conditions/tile/v1/ce-GLOBAL-ERA5_LAND_DAILY-spi-1mo/GLOBAL-ERA5_LAND_DAILY-spi-1mo.tif,2026-04-22T12:50:34+00:00,data/raw/era5_spi/global/monthly/GLOBAL-ERA5_LAND_DAILY-spi-1mo.tif,tif,"ERA5 SPI GeoTIFFs are distributed via Drought.gov / NOAA NIDIS current-conditions storage. Review Drought.gov, Climate Engine, and ECMWF/C3S citation guidance before redistribution.",Global ~30 km SPI GeoTIFF derived from ERA5 / Climate Engine,1-month SPI (monthly product),,0f135bb74991cdc4c484b4edf6110fa6380d523c817387868e92cc1da7f8c807,downloaded,"Drought.gov / NOAA NIDIS global ERA5 SPI GeoTIFF for the 1-month timescale. This is a ready-made SPI layer, not raw precipitation. Global raster; spatial subsetting is expected downstream if needed. Downloaded from the Drought.gov public storage bucket.",,,,,
era5_spi,https://storage.googleapis.com/noaa-nidis-drought-gov-data/current-conditions/tile/v1/ce-GLOBAL-ERA5_LAND_DAILY-spi-2mo/GLOBAL-ERA5_LAND_DAILY-spi-2mo.tif,2026-04-22T12:50:37+00:00,data/raw/era5_spi/global/monthly/GLOBAL-ERA5_LAND_DAILY-spi-2mo.tif,tif,"ERA5 SPI GeoTIFFs are distributed via Drought.gov / NOAA NIDIS current-conditions storage. Review Drought.gov, Climate Engine, and ECMWF/C3S citation guidance before redistribution.",Global ~30 km SPI GeoTIFF derived from ERA5 / Climate Engine,2-month SPI (monthly product),,8911335c155c501db68819025f71db3974b213231d3fa0eaaa28a5f61e114caa,downloaded,"Drought.gov / NOAA NIDIS global ERA5 SPI GeoTIFF for the 2-month timescale. This is a ready-made SPI layer, not raw precipitation. Global raster; spatial subsetting is expected downstream if needed. Downloaded from the Drought.gov public storage bucket.",,,,,
era5_spi,https://storage.googleapis.com/noaa-nidis-drought-gov-data/current-conditions/tile/v1/ce-GLOBAL-ERA5_LAND_DAILY-spi-3mo/GLOBAL-ERA5_LAND_DAILY-spi-3mo.tif,2026-04-22T12:50:50+00:00,data/raw/era5_spi/global/monthly/GLOBAL-ERA5_LAND_DAILY-spi-3mo.tif,tif,"ERA5 SPI GeoTIFFs are distributed via Drought.gov / NOAA NIDIS current-conditions storage. Review Drought.gov, Climate Engine, and ECMWF/C3S citation guidance before redistribution.",Global ~30 km SPI GeoTIFF derived from ERA5 / Climate Engine,3-month SPI (monthly product),,4a2aeb22f496422e343bf46e738ba51d364525682d5cdc4a8f20a9ed900cd4ea,downloaded,"Drought.gov / NOAA NIDIS global ERA5 SPI GeoTIFF for the 3-month timescale. This is a ready-made SPI layer, not raw precipitation. Global raster; spatial subsetting is expected downstream if needed. Downloaded from the Drought.gov public storage bucket.",,,,,
era5_spi,https://storage.googleapis.com/noaa-nidis-drought-gov-data/current-conditions/tile/v1/ce-GLOBAL-ERA5_LAND_DAILY-spi-6mo/GLOBAL-ERA5_LAND_DAILY-spi-6mo.tif,2026-04-22T12:50:54+00:00,data/raw/era5_spi/global/monthly/GLOBAL-ERA5_LAND_DAILY-spi-6mo.tif,tif,"ERA5 SPI GeoTIFFs are distributed via Drought.gov / NOAA NIDIS current-conditions storage. Review Drought.gov, Climate Engine, and ECMWF/C3S citation guidance before redistribution.",Global ~30 km SPI GeoTIFF derived from ERA5 / Climate Engine,6-month SPI (monthly product),,813e8999e816c7ca6471616c3b750c8bc35f9f04511436d4987206bc3d99c3aa,downloaded,"Drought.gov / NOAA NIDIS global ERA5 SPI GeoTIFF for the 6-month timescale. This is a ready-made SPI layer, not raw precipitation. Global raster; spatial subsetting is expected downstream if needed. Downloaded from the Drought.gov public storage bucket.",,,,,
era5_spi,https://storage.googleapis.com/noaa-nidis-drought-gov-data/current-conditions/tile/v1/ce-GLOBAL-ERA5_LAND_DAILY-spi-9mo/GLOBAL-ERA5_LAND_DAILY-spi-9mo.tif,2026-04-22T12:51:04+00:00,data/raw/era5_spi/global/monthly/GLOBAL-ERA5_LAND_DAILY-spi-9mo.tif,tif,"ERA5 SPI GeoTIFFs are distributed via Drought.gov / NOAA NIDIS current-conditions storage. Review Drought.gov, Climate Engine, and ECMWF/C3S citation guidance before redistribution.",Global ~30 km SPI GeoTIFF derived from ERA5 / Climate Engine,9-month SPI (monthly product),,eded95eca7de6de6603dea3ac5777e78da3f48d11c1831a405f8a64b6a35d31d,downloaded,"Drought.gov / NOAA NIDIS global ERA5 SPI GeoTIFF for the 9-month timescale. This is a ready-made SPI layer, not raw precipitation. Global raster; spatial subsetting is expected downstream if needed. Downloaded from the Drought.gov public storage bucket.",,,,,
flood,https://data.eodc.eu/collections/GFM_LAYERS/flood_extent/AF020M/2024/08/07/ENSEMBLE_FLOOD_20240807T045203_VV_AF020M_E042N045T3.tif,2026-04-23T22:32:34+00:00,data/raw/flood/copernicus_gfm/GFM/2024/220/ENSEMBLE_FLOOD_20240807T045203_VV_AF020M_E042N045T3.tif,tif,Copernicus Emergency Management Service (GFM via EODC STAC). Check current access/license terms.,20 m Sentinel-1 SAR flood extent (GFM ensemble),"event-based SAR acquisitions, sampled weekly (7-day windows)","[8.699028, -3.990695, 14.502346039000088, 2.3156445020000547]",196ae5a03bb353fd4e4cba0cd0b65ad78186bf51adfde0c90ee44a1e11b25d43,downloaded,Copernicus GFM `ensemble_flood_extent` selected for weekly window 2024-08-01..2024-08-07. STAC item: `ENSEMBLE_FLOOD_20240807T045203_VV_AF020M_E042N045T3`. Observation datetime (UTC): 2024-08-07T04:52:03+00:00. Reused an existing local copy.,,,,,
flood,https://data.eodc.eu/collections/GFM_LAYERS/flood_extent/AF020M/2024/08/14/ENSEMBLE_FLOOD_20240814T044412_VV_AF020M_E045N045T3.tif,2026-04-23T22:32:36+00:00,data/raw/flood/copernicus_gfm/GFM/2024/227/ENSEMBLE_FLOOD_20240814T044412_VV_AF020M_E045N045T3.tif,tif,Copernicus Emergency Management Service (GFM via EODC STAC). Check current access/license terms.,20 m Sentinel-1 SAR flood extent (GFM ensemble),"event-based SAR acquisitions, sampled weekly (7-day windows)","[8.699028, -3.990695, 14.502346039000088, 2.3156445020000547]",6f2523d62b494d13ede5dae5ef77df59a392a846ccfae5602aa1cfd2ca6d3608,downloaded,Copernicus GFM `ensemble_flood_extent` selected for weekly window 2024-08-08..2024-08-14. STAC item: `ENSEMBLE_FLOOD_20240814T044412_VV_AF020M_E045N045T3`. Observation datetime (UTC): 2024-08-14T04:44:12+00:00. Reused an existing local copy.,,,,,
flood,https://data.eodc.eu/collections/GFM_LAYERS/flood_extent/AF020M/2024/08/21/ENSEMBLE_FLOOD_20240821T043532_VV_AF020M_E048N045T3.tif,2026-04-23T22:32:37+00:00,data/raw/flood/copernicus_gfm/GFM/2024/234/ENSEMBLE_FLOOD_20240821T043532_VV_AF020M_E048N045T3.tif,tif,Copernicus Emergency Management Service (GFM via EODC STAC). Check current access/license terms.,20 m Sentinel-1 SAR flood extent (GFM ensemble),"event-based SAR acquisitions, sampled weekly (7-day windows)","[8.699028, -3.990695, 14.502346039000088, 2.3156445020000547]",a11a2e88ac7ec0e6d45e98a3e01e5f8d781f540f14f9a70fb2f30d4421869354,downloaded,Copernicus GFM `ensemble_flood_extent` selected for weekly window 2024-08-15..2024-08-21. STAC item: `ENSEMBLE_FLOOD_20240821T043532_VV_AF020M_E048N045T3`. Observation datetime (UTC): 2024-08-21T04:35:32+00:00. Reused an existing local copy.,,,,,
flood,https://data.eodc.eu/collections/GFM_LAYERS/flood_extent/AF020M/2024/08/27/ENSEMBLE_FLOOD_20240827T174358_VV_AF020M_E039N048T3.tif,2026-04-23T22:32:38+00:00,data/raw/flood/copernicus_gfm/GFM/2024/240/ENSEMBLE_FLOOD_20240827T174358_VV_AF020M_E039N048T3.tif,tif,Copernicus Emergency Management Service (GFM via EODC STAC). Check current access/license terms.,20 m Sentinel-1 SAR flood extent (GFM ensemble),"event-based SAR acquisitions, sampled weekly (7-day windows)","[8.699028, -3.990695, 14.502346039000088, 2.3156445020000547]",afcd93c58090222733d1cf27ab7deb463dc9d2be974c69f707a473e18e250e43,downloaded,Copernicus GFM `ensemble_flood_extent` selected for weekly window 2024-08-22..2024-08-28. STAC item: `ENSEMBLE_FLOOD_20240827T174358_VV_AF020M_E039N048T3`. Observation datetime (UTC): 2024-08-27T17:43:58+00:00. Reused an existing local copy.,,,,,
flood,https://data.eodc.eu/collections/GFM_LAYERS/flood_extent/AF020M/2024/09/03/ENSEMBLE_FLOOD_20240903T173639_VV_AF020M_E042N051T3.tif,2026-04-23T22:32:39+00:00,data/raw/flood/copernicus_gfm/GFM/2024/247/ENSEMBLE_FLOOD_20240903T173639_VV_AF020M_E042N051T3.tif,tif,Copernicus Emergency Management Service (GFM via EODC STAC). Check current access/license terms.,20 m Sentinel-1 SAR flood extent (GFM ensemble),"event-based SAR acquisitions, sampled weekly (7-day windows)","[8.699028, -3.990695, 14.502346039000088, 2.3156445020000547]",d9ff5ea078056fc2cf6e01a34b1ccd2aff1bc93c7bee0b45e8d2c8c7b0f6eb9d,downloaded,Copernicus GFM `ensemble_flood_extent` selected for weekly window 2024-08-29..2024-09-04. STAC item: `ENSEMBLE_FLOOD_20240903T173639_VV_AF020M_E042N051T3`. Observation datetime (UTC): 2024-09-03T17:36:39+00:00. Reused an existing local copy.,,,,,
flood,https://data.eodc.eu/collections/GFM_LAYERS/flood_extent/AF020M/2024/09/10/ENSEMBLE_FLOOD_20240910T172815_VV_AF020M_E042N051T3.tif,2026-04-23T22:32:41+00:00,data/raw/flood/copernicus_gfm/GFM/2024/254/ENSEMBLE_FLOOD_20240910T172815_VV_AF020M_E042N051T3.tif,tif,Copernicus Emergency Management Service (GFM via EODC STAC). Check current access/license terms.,20 m Sentinel-1 SAR flood extent (GFM ensemble),"event-based SAR acquisitions, sampled weekly (7-day windows)","[8.699028, -3.990695, 14.502346039000088, 2.3156445020000547]",29eb2206b1909a70c32a138f4398f60eb20d05ffcff3b96f0cb765a231e70aae,downloaded,Copernicus GFM `ensemble_flood_extent` selected for weekly window 2024-09-05..2024-09-11. STAC item: `ENSEMBLE_FLOOD_20240910T172815_VV_AF020M_E042N051T3`. Observation datetime (UTC): 2024-09-10T17:28:15+00:00. Reused an existing local copy.,,,,,
flood,https://data.eodc.eu/collections/GFM_LAYERS/flood_extent/AF020M/2024/09/17/ENSEMBLE_FLOOD_20240917T045957_VV_AF020M_E042N045T3.tif,2026-04-23T22:32:42+00:00,data/raw/flood/copernicus_gfm/GFM/2024/261/ENSEMBLE_FLOOD_20240917T045957_VV_AF020M_E042N045T3.tif,tif,Copernicus Emergency Management Service (GFM via EODC STAC). Check current access/license terms.,20 m Sentinel-1 SAR flood extent (GFM ensemble),"event-based SAR acquisitions, sampled weekly (7-day windows)","[8.699028, -3.990695, 14.502346039000088, 2.3156445020000547]",5e396d610f9ae5fe80128be992e233a404dc7fc7c9a09e829b25e4f9376cc055,downloaded,Copernicus GFM `ensemble_flood_extent` selected for weekly window 2024-09-12..2024-09-18. STAC item: `ENSEMBLE_FLOOD_20240917T045957_VV_AF020M_E042N045T3`. Observation datetime (UTC): 2024-09-17T04:59:57+00:00. Reused an existing local copy.,,,,,
flood,https://data.eodc.eu/collections/GFM_LAYERS/flood_extent/AF020M/2024/09/24/ENSEMBLE_FLOOD_20240924T045205_VV_AF020M_E042N045T3.tif,2026-04-23T22:32:44+00:00,data/raw/flood/copernicus_gfm/GFM/2024/268/ENSEMBLE_FLOOD_20240924T045205_VV_AF020M_E042N045T3.tif,tif,Copernicus Emergency Management Service (GFM via EODC STAC). Check current access/license terms.,20 m Sentinel-1 SAR flood extent (GFM ensemble),"event-based SAR acquisitions, sampled weekly (7-day windows)","[8.699028, -3.990695, 14.502346039000088, 2.3156445020000547]",0ae10dbc2466923f8d9eecebafde25992e384a4f28e591defec7836e9095c66d,downloaded,Copernicus GFM `ensemble_flood_extent` selected for weekly window 2024-09-19..2024-09-25. STAC item: `ENSEMBLE_FLOOD_20240924T045205_VV_AF020M_E042N045T3`. Observation datetime (UTC): 2024-09-24T04:52:05+00:00. Reused an existing local copy.,,,,,
flood,https://data.eodc.eu/collections/GFM_LAYERS/flood_extent/AF020M/2024/10/02/ENSEMBLE_FLOOD_20241002T174359_VV_AF020M_E039N048T3.tif,2026-04-23T22:32:45+00:00,data/raw/flood/copernicus_gfm/GFM/2024/276/ENSEMBLE_FLOOD_20241002T174359_VV_AF020M_E039N048T3.tif,tif,Copernicus Emergency Management Service (GFM via EODC STAC). Check current access/license terms.,20 m Sentinel-1 SAR flood extent (GFM ensemble),"event-based SAR acquisitions, sampled weekly (7-day windows)","[8.699028, -3.990695, 14.502346039000088, 2.3156445020000547]",2c0b41c8c596ae9387bf2b8bbbbb132e66dfca827ca27e26a7c7b13d465e8574,downloaded,Copernicus GFM `ensemble_flood_extent` selected for weekly window 2024-09-26..2024-10-02. STAC item: `ENSEMBLE_FLOOD_20241002T174359_VV_AF020M_E039N048T3`. Observation datetime (UTC): 2024-10-02T17:43:59+00:00. Reused an existing local copy.,,,,,
flood,https://data.eodc.eu/collections/GFM_LAYERS/flood_extent/AF020M/2024/10/09/ENSEMBLE_FLOOD_20241009T173641_VV_AF020M_E042N051T3.tif,2026-04-23T22:32:46+00:00,data/raw/flood/copernicus_gfm/GFM/2024/283/ENSEMBLE_FLOOD_20241009T173641_VV_AF020M_E042N051T3.tif,tif,Copernicus Emergency Management Service (GFM via EODC STAC). Check current access/license terms.,20 m Sentinel-1 SAR flood extent (GFM ensemble),"event-based SAR acquisitions, sampled weekly (7-day windows)","[8.699028, -3.990695, 14.502346039000088, 2.3156445020000547]",be1940c4b0e304bef11e17f34a41a120ce9629a42abdb3cee6d5a19f832ae2aa,downloaded,Copernicus GFM `ensemble_flood_extent` selected for weekly window 2024-10-03..2024-10-09. STAC item: `ENSEMBLE_FLOOD_20241009T173641_VV_AF020M_E042N051T3`. Observation datetime (UTC): 2024-10-09T17:36:41+00:00. Reused an existing local copy.,,,,,
flood,https://data.eodc.eu/collections/GFM_LAYERS/flood_extent/AF020M/2024/10/16/ENSEMBLE_FLOOD_20241016T172817_VV_AF020M_E042N051T3.tif,2026-04-23T22:32:48+00:00,data/raw/flood/copernicus_gfm/GFM/2024/290/ENSEMBLE_FLOOD_20241016T172817_VV_AF020M_E042N051T3.tif,tif,Copernicus Emergency Management Service (GFM via EODC STAC). Check current access/license terms.,20 m Sentinel-1 SAR flood extent (GFM ensemble),"event-based SAR acquisitions, sampled weekly (7-day windows)","[8.699028, -3.990695, 14.502346039000088, 2.3156445020000547]",4cd58cc874068f08adefd706b682e21711cdce7cefa77adaf94b510633e09367,downloaded,Copernicus GFM `ensemble_flood_extent` selected for weekly window 2024-10-10..2024-10-16. STAC item: `ENSEMBLE_FLOOD_20241016T172817_VV_AF020M_E042N051T3`. Observation datetime (UTC): 2024-10-16T17:28:17+00:00. Reused an existing local copy.,,,,,
flood,https://data.eodc.eu/collections/GFM_LAYERS/flood_extent/AF020M/2024/10/23/ENSEMBLE_FLOOD_20241023T045957_VV_AF020M_E042N045T3.tif,2026-04-23T22:32:49+00:00,data/raw/flood/copernicus_gfm/GFM/2024/297/ENSEMBLE_FLOOD_20241023T045957_VV_AF020M_E042N045T3.tif,tif,Copernicus Emergency Management Service (GFM via EODC STAC). Check current access/license terms.,20 m Sentinel-1 SAR flood extent (GFM ensemble),"event-based SAR acquisitions, sampled weekly (7-day windows)","[8.699028, -3.990695, 14.502346039000088, 2.3156445020000547]",98dd09d9f0800d3b9c3c88a4493dfba30a5dafb1b62481c0b367998c366fb1f2,downloaded,Copernicus GFM `ensemble_flood_extent` selected for weekly window 2024-10-17..2024-10-23. STAC item: `ENSEMBLE_FLOOD_20241023T045957_VV_AF020M_E042N045T3`. Observation datetime (UTC): 2024-10-23T04:59:57+00:00. Reused an existing local copy.,,,,,
flood,https://data.eodc.eu/collections/GFM_LAYERS/flood_extent/AF020M/2024/10/30/ENSEMBLE_FLOOD_20241030T045205_VV_AF020M_E042N045T3.tif,2026-04-23T22:32:51+00:00,data/raw/flood/copernicus_gfm/GFM/2024/304/ENSEMBLE_FLOOD_20241030T045205_VV_AF020M_E042N045T3.tif,tif,Copernicus Emergency Management Service (GFM via EODC STAC). Check current access/license terms.,20 m Sentinel-1 SAR flood extent (GFM ensemble),"event-based SAR acquisitions, sampled weekly (7-day windows)","[8.699028, -3.990695, 14.502346039000088, 2.3156445020000547]",1d5d716263402b97c4037bd55e7a7cf0e2c55400988c50047caa32b1761a703e,downloaded,Copernicus GFM `ensemble_flood_extent` selected for weekly window 2024-10-24..2024-10-30. STAC item: `ENSEMBLE_FLOOD_20241030T045205_VV_AF020M_E042N045T3`. Observation datetime (UTC): 2024-10-30T04:52:05+00:00. Reused an existing local copy.,,,,,
flopros,https://nhess.copernicus.org/articles/16/1049/2016/nhess-16-1049-2016-supplement.zip,2026-04-21T16:19:53+00:00,data/raw/flopros/global/flopros_parameter_scale_note.csv,csv,FLOPROS is a protection-standard database described in the NHESS publication and supplement. It should not be treated as a raster hazard layer.,Parameter note file,parameter / metadata scale,,263bd5346237c7354ca75ffd6c5fa1be0b695434f34b31731f4ef792c385499c,downloaded,Parameter note file written to data/raw/flopros/global/flopros_parameter_scale_note.csv.,,,,,
flopros,https://nhess.copernicus.org/articles/16/1049/2016/nhess-16-1049-2016-supplement.zip,2026-04-21T16:19:53+00:00,data/raw/flopros/global/nhess-16-1049-2016-supplement.zip,zip,FLOPROS is a protection-standard database described in the NHESS publication and supplement. It should not be treated as a raster hazard layer.,Official FLOPROS supplement archive,snapshot,,fca4f62efefef7452d22c29869fc388ee1a5053d07fd7e44e63da2f489fb8d72,downloaded,Downloaded the official FLOPROS supplement ZIP archive.,,,,,
flopros,https://nhess.copernicus.org/articles/16/1049/2016/nhess-16-1049-2016-supplement.zip,2026-04-21T16:19:53+00:00,data/raw/flopros/global/original/Scussolini_etal_Suppl_info/FLOPROS_Database_Design_&_Policy_layers_V1.xlsx,xlsx,FLOPROS is a protection-standard database described in the NHESS publication and supplement. It should not be treated as a raster hazard layer.,Design and policy layers workbook from official FLOPROS supplement,parameter / metadata scale,,0a9f501e59763a49ee33db7aa2033d9db66e272076dffe8052035c659de0dfec,downloaded,Official FLOPROS design/policy spreadsheet extracted from supplement archive.,,,,,
flopros,https://nhess.copernicus.org/articles/16/1049/2016/nhess-16-1049-2016-supplement.zip,2026-04-21T16:19:53+00:00,data/raw/flopros/global/original/Scussolini_etal_Suppl_info/FLOPROS_shp_V1/FLOPROS_shp_V1.shp,shp,FLOPROS is a protection-standard database described in the NHESS publication and supplement. It should not be treated as a raster hazard layer.,Protection-standard polygons and attributes from official FLOPROS supplement shapefile,parameter / metadata scale,"[-179.99999999999986, -90.0, 180.00000000000034, 60.55841705900019]",37a32198c2738a39edf7db5d219853db82bdc31af664ca53854ec9f4d54b3257,downloaded,"Official FLOPROS shapefile extracted from supplement archive. This is an adjustment/protection input, not a hazard raster.",EPSG:4326,,Polygon,,
gadm,https://geodata.ucdavis.edu/gadm/gadm4.1/gpkg/gadm41_GAB.gpkg,2026-04-23T09:35:44+00:00,data/raw/gadm/GAB/gadm41_GAB.gpkg,gpkg,Review current GADM terms of use before redistribution; the files are widely used for research but are not an unrestricted public-domain product.,vector administrative boundaries,static,,d691c0c42b0f316e352f5efffd8c6976ab4b83ba727b915b413868537cd49ae7,downloaded,GADM 4.1 GeoPackage for GAB. Reused an existing local copy.,,,,,
gem,https://zenodo.org/records/8409647/files/GEM-GSHM_PGA-475y-rock_v2023.zip?download=1,2026-04-21T15:34:29+00:00,data/raw/gem/global/v2023_1_pga_475_rock_3min.tif,tif,The GEM open version is distributed via Zenodo; review the accompanying licence and README before redistribution or commercial use.,global seismic hazard raster interpolated from hazard values calculated at about ~6 km point spacing,static hazard map,"[-180.0, -60.00000000000101, 180.0, 89.99]",c6928e0edea4d2a03e6a0d6b4aa9699159834f015c20ffb2d8ee8492ff67a5af,downloaded,GEM global seismic hazard raster (open version). Downloaded the ZIP archive from the GEM Zenodo open-version record.,EPSG:4326,0.05 x 0.049996666666667,raster,,3000 x 7200
ibtracs,https://www.ncei.noaa.gov/data/international-best-track-archive-for-climate-stewardship-ibtracs/v04r01/access/netcdf/IBTrACS.ALL.v04r01.nc,2026-04-22T11:44:16+00:00,data/raw/ibtracs/global/v04r01/netcdf/IBTrACS.ALL.v04r01.nc,nc,NOAA NCEI IBTrACS archive. Follow NOAA citation guidance and dataset documentation.,Track points / lines,typically 6-hourly track positions,,ac5e8c6a24b3ab25788eb8c20382823895730aed0462cbb3e89d800922dfadd8,downloaded,IBTrACS subset `ALL` in netcdf format. Reused an existing local copy.,,,,,
ibtracs,https://www.ncei.noaa.gov/data/international-best-track-archive-for-climate-stewardship-ibtracs/v04r01/access/netcdf/IBTrACS.since1980.v04r01.nc,2026-04-22T11:44:16+00:00,data/raw/ibtracs/global/v04r01/netcdf/IBTrACS.since1980.v04r01.nc,nc,NOAA NCEI IBTrACS archive. Follow NOAA citation guidance and dataset documentation.,Track points / lines,typically 6-hourly track positions,,3837f774038a5669fc65afd37a4cfec9c5f8c7ab64e51ef52a95b9d11a065a9c,downloaded,IBTrACS subset `since1980` in netcdf format. Reused an existing local copy.,,,,,
landslide_susceptibility,https://gis.earthdata.nasa.gov/gis05/rest/services/Landslides/Global_Landslide_Susceptibility/ImageServer/exportImage?bbox=8.699028%2C-3.990695%2C14.502346039000088%2C2.3156445020000547&bboxSR=4326&imageSR=4326&size=697%2C757&format=tiff&pixelType=S8&f=image,2026-04-23T12:17:17+00:00,data/raw/landslide_susceptibility/global/nasa_landslide_susceptibility_gabon.tif,tif,NASA global landslide susceptibility service based on Stanley and Kirschbaum (2017). Review the cited methodology and service terms before redistribution.,NASA global landslide susceptibility map clip; exported at requested 30 arc-second grid,static susceptibility ranking,"[8.699028, -3.990695, 14.502346039000088, 2.3156445020000547]",eb5ffeef3f09fa22f7d6382393b95607c8d8054c1716a0be28021ef8878108d3,downloaded,Exported a study-area clip from a NASA landslide susceptibility map service. Successful service endpoint: https://gis.earthdata.nasa.gov/gis05/rest/services/Landslides/Global_Landslide_Susceptibility/ImageServer/exportImage?bbox=8.699028%2C-3.990695%2C14.502346039000088%2C2.3156445020000547&bboxSR=4326&imageSR=4326&size=697%2C757&format=tiff&pixelType=S8&f=image. This first pass uses a bbox export at approximately 30 arc-second resolution.,,,,,
liquefaction,https://zenodo.org/records/2583746/files/liquefaction_v1_deg.tif?download=1,2026-04-21T15:34:29+00:00,data/raw/liquefaction/global/liquefaction_v1_deg.tif,tif,Zenodo dataset under ODC Open Database License v1.0; review citation and licence requirements.,global raster in EPSG:4326; susceptibility classes 0-5 from the Zhu model family,static susceptibility map,"[-179.99865998, -56.011454709999995, 179.99997300299998, 84.004103766]",1fe32da6e1311e87d8ab6128199b124a87fd6e73dd6839b75808c4d7bf68736d,downloaded,Existing liquefaction susceptibility raster was cataloged.,EPSG:4326,0.010839414458117548 x 0.010517205624277022,raster,,13313 x 33212
osm,https://download.geofabrik.de/index-v1-nogeom.json,2026-04-21T15:32:46+00:00,,,,,,,,skipped,Dataset disabled in config.,,,,,
road_surface,https://downloads.ohsome.org/hdx/mapillary_road_surface/heigit_gab_roadsurface_lines.gpkg,2026-04-23T09:35:44+00:00,data/raw/road_surface/GAB/heigit_gab_roadsurface_lines.gpkg,gpkg,"Open HDX dataset (HeiGIT road-surface data, paved/unpaved). Review HDX terms and keep citation/attribution for OSM and Mapillary-derived inputs.",vector road segments with binary paved/unpaved attribution (country releases),snapshot,"[8.699028, -3.990695, 14.502346039000088, 2.3156445020000547]",303f7e6b00186d90849028ddf4acaef6f71d7b2931c445e443f0b00dca9bb83e,downloaded,HeiGIT road-surface country release for GAB. Reused an existing local copy.,,,,,
soilgrids,https://maps.isric.org/mapserv?map=/map/bdod.map,2026-04-22T11:44:16+00:00,data/raw/soilgrids/bdod_0-5cm_Q0.5.tif,tif,SoilGrids data are distributed by ISRIC under CC BY 4.0; confirm current terms before redistribution.,250 m,static soil property grids,"[6.433333, -0.016667, 7.5, 1.75]",7255db84696a5ce925457acd8203955df7907bc1c4f00e4d004842086125b540,downloaded,Reused an existing local SoilGrids subset for `bdod_0-5cm_Q0.5`.,,,,,
soilgrids,https://maps.isric.org/mapserv?map=/map/clay.map,2026-04-22T11:44:16+00:00,data/raw/soilgrids/clay_0-5cm_Q0.5.tif,tif,SoilGrids data are distributed by ISRIC under CC BY 4.0; confirm current terms before redistribution.,250 m,static soil property grids,"[6.433333, -0.016667, 7.5, 1.75]",1ed65ec92499116bfe1df7ba7f9c3518ee73b0f273a3b0cd0baee22eb1fd0b11,downloaded,Reused an existing local SoilGrids subset for `clay_0-5cm_Q0.5`.,,,,,
soilgrids,https://maps.isric.org/mapserv?map=/map/sand.map,2026-04-22T11:44:16+00:00,data/raw/soilgrids/sand_0-5cm_Q0.5.tif,tif,SoilGrids data are distributed by ISRIC under CC BY 4.0; confirm current terms before redistribution.,250 m,static soil property grids,"[6.433333, -0.016667, 7.5, 1.75]",fa52b1fb0b1c186f1a19407cc93544230d70b29932ecf7c57e2bcdc73bbc931f,downloaded,Reused an existing local SoilGrids subset for `sand_0-5cm_Q0.5`.,,,,,
soilgrids,https://maps.isric.org/mapserv?map=/map/silt.map,2026-04-22T11:44:16+00:00,data/raw/soilgrids/silt_0-5cm_Q0.5.tif,tif,SoilGrids data are distributed by ISRIC under CC BY 4.0; confirm current terms before redistribution.,250 m,static soil property grids,"[6.433333, -0.016667, 7.5, 1.75]",c41122305d9a688c62aaeab4d4b447076fa3b0ec8935daa00dd43ba0ebb01405,downloaded,Reused an existing local SoilGrids subset for `silt_0-5cm_Q0.5`.,,,,,
soilgrids,https://maps.isric.org/mapserv?map=/map/soc.map,2026-04-22T11:44:16+00:00,data/raw/soilgrids/soc_0-5cm_Q0.5.tif,tif,SoilGrids data are distributed by ISRIC under CC BY 4.0; confirm current terms before redistribution.,250 m,static soil property grids,"[6.433333, -0.016667, 7.5, 1.75]",a4ee2eab96fe60239f8a2a9abd0b88598521aee194337dabb804768a624bfb17,downloaded,Reused an existing local SoilGrids subset for `soc_0-5cm_Q0.5`.,,,,,
worldcover,https://esa-worldcover.s3.eu-central-1.amazonaws.com/v200/2021/map/ESA_WorldCover_10m_2021_v200_N00E006_Map.tif,2026-04-22T12:10:13+00:00,data/raw/worldcover/2021/v200/map/ESA_WorldCover_10m_2021_v200_N00E006_Map.tif,tif,ESA WorldCover is distributed under CC-BY 4.0. Follow ESA WorldCover citation guidance.,10 m global land cover map,annual snapshot,"[6.433333, -0.016667, 7.5, 1.75]",1032240c983d7669aa6847d07b8780ce641ef707fb0f8d8bd3f8330097681309,downloaded,ESA WorldCover 2021 v200 tile `N00E006` layer `Map`. Downloaded from the public ESA WorldCover S3 bucket.,,,,,
worldcover,https://esa-worldcover.s3.eu-central-1.amazonaws.com/v200/2021/map/ESA_WorldCover_10m_2021_v200_S03E006_Map.tif,2026-04-22T12:10:09+00:00,data/raw/worldcover/2021/v200/map/ESA_WorldCover_10m_2021_v200_S03E006_Map.tif,tif,ESA WorldCover is distributed under CC-BY 4.0. Follow ESA WorldCover citation guidance.,10 m global land cover map,annual snapshot,"[6.433333, -0.016667, 7.5, 1.75]",f23cb1b9356a821c91394c48ad2212031cd041ab7617c4be1052cd8001b65081,downloaded,ESA WorldCover 2021 v200 tile `S03E006` layer `Map`. Downloaded from the public ESA WorldCover S3 bucket.,,,,,
